{"status": "ok", "totalResults": 8944, "articles": [{"source": {"id": null, "name": "Lifehacker.com"}, "author": "Stephen Johnson", "title": "The Out-of-Touch Adults\u2019 Guide to Kid Culture: Gen Z Goes to Work, Finds It Time-Consuming", "description": "This week, the whole internet is talking about one young woman\u2019s journey into career disillusionment\u2014specifically, her shocking discovery (shared via TikTok) that having a job cuts into your personal time in a major way. Meanwhile, youth in Britain are using \u2026", "url": "https://lifehacker.com/the-out-of-touch-adults-guide-to-kid-culture-gen-z-go-1850965502", "urlToImage": "https://i.kinja-img.com/image/upload/c_fill,h_675,pg_1,q_80,w_1200/478b8de1056730b7890fa0e707cfec6b.png", "publishedAt": "2023-10-27T15:01:43Z", "content": "This week, the whole internet is talking about one young womans journey into career disillusionmentspecifically, her shocking discovery (shared via TikTok) that having a job cuts into your personal t\u2026 [+6114 chars]"}, {"source": {"id": "engadget", "name": "Engadget"}, "author": "Kris Holt", "title": "Apple HomePods now have native YouTube Music support", "description": "The Venn diagram of HomePod\r\n owners and YouTube Music\r\n subscribers probably doesn't have a lot of overlap. However, those who use both Apple's speakers and Google's music streaming service may be pleased to learn that the two now play more nicely together. \u2026", "url": "https://www.engadget.com/apple-homepods-now-have-native-youtube-music-support-180428371.html", "urlToImage": "https://s.yimg.com/ny/api/res/1.2/xqllV5.FFNDDCOxn0hErUg--/YXBwaWQ9aGlnaGxhbmRlcjt3PTEyMDA7aD04MDA-/https://s.yimg.com/os/creatr-uploaded-images/2023-01/61b75040-a107-11ed-a7be-7ad5419077a5", "publishedAt": "2023-10-23T18:04:28Z", "content": "The Venn diagram of HomePod\r\n owners and YouTube Music\r\n subscribers probably doesn't have a lot of overlap. However, those who use both Apple's speakers and Google's music streaming service may be p\u2026 [+1487 chars]"}, {"source": {"id": "the-verge", "name": "The Verge"}, "author": "David Pierce", "title": "Apple\u2019s Journal app is kind of smart \u2014 and kind of basic", "description": "Apple Journal comes with iOS 17.2 and includes features for saving photos, video, text, and more. It also includes a suggestions API that uses AI to try and guess which moments matter most.", "url": "https://www.theverge.com/2023/10/28/23935473/apple-iphone-journal-app-preview", "urlToImage": "https://cdn.vox-cdn.com/thumbor/lAop_3d5kJsfVxvNeXLDIz8GwZY=/0x0:6000x4000/1200x628/filters:focal(3000x2000:3001x2001)/cdn.vox-cdn.com/uploads/chorus_asset/file/25038993/Apple_Journal.jpg", "publishedAt": "2023-10-28T13:15:00Z", "content": "Apples Journal app is kind of smart and kind of basic\r\nApples Journal app is kind of smart and kind of basic\r\n / Using everything your phone knows about you to help you chronicle your life is a fasci\u2026 [+6169 chars]"}, {"source": {"id": "bbc-news", "name": "BBC News"}, "author": null, "title": "Taylor Swift appears out of breath at Rio concert", "description": "Video showed the singer gasping for air in between songs during her performance in the stifling heat.", "url": "https://www.bbc.co.uk/news/av/world-latin-america-67469778", "urlToImage": "https://ichef.bbci.co.uk/news/1024/branded_news/B906/production/_131766374_p0gtp3gm.jpg", "publishedAt": "2023-11-19T17:32:26Z", "content": "Taylor Swift appeared to be struggling to breathe during a concert in Rio de Janeiro, Brazil, on Friday in the middle of a heatwave.\r\nThe star ended up postponing the concert she was due to perform o\u2026 [+524 chars]"}, {"source": {"id": "bbc-news", "name": "BBC News"}, "author": null, "title": "Taylor Swift and Barbie take over this Halloween", "description": "From Utah to Massachusetts, pop culture references have turned this year\u2019s spooky season pink.", "url": "https://www.bbc.co.uk/news/av/world-us-canada-67280152", "urlToImage": "https://ichef.bbci.co.uk/news/1024/branded_news/15642/production/_131581678_p0gpynz8.jpg", "publishedAt": "2023-10-31T18:18:04Z", "content": "Bullet holes, gutted rooms: Inside destroyed Kibbutz house. Video, 00:00:52Bullet holes, gutted rooms: Inside destroyed Kibbutz house"}, {"source": {"id": "bbc-news", "name": "BBC News"}, "author": "https://www.facebook.com/bbcnews", "title": "Brazil records its hottest ever temperature", "description": "The town of Ara\u00e7ua\u00ed in the country's southeast hit a high of 44.8C (112.6F) on Sunday.", "url": "https://www.bbc.co.uk/news/world-latin-america-67482423", "urlToImage": "https://ichef.bbci.co.uk/news/1024/branded_news/50C5/production/_131777602_c2506baa724e9a09e7e59a340ef3fdd0e2b0da7f-1.jpg", "publishedAt": "2023-11-21T06:10:44Z", "content": "Brazil has recorded its hottest ever temperature - 44.8C (112.6F) - as parts of the country endure a stifling heatwave.\r\nThe record was hit on Sunday in the town of Ara\u00e7ua\u00ed, in Brazil's south-eastern\u2026 [+1672 chars]"}, {"source": {"id": null, "name": "MacRumors"}, "author": "Joe Rossignol", "title": "Taylor Swift Named Apple Music's Artist of the Year", "description": "Apple today announced that Taylor Swift has been named Apple Music's Artist of the Year for 2023 after reaching \"a new realm of superstardom this year.\"\n\n\n\n\n\nSwift released a new album last month called 1989 (Taylor's Version), and she has been on tour this y\u2026", "url": "https://www.macrumors.com/2023/11/08/taylor-swift-apple-musics-artist-of-the-year/", "urlToImage": "https://images.macrumors.com/t/C5OZN-0GsggHmX82fe6HNVV85n0=/1960x/article-new/2023/11/Taylor-Swift-2023-Apple-Music-Artist-of-Year.jpg", "publishedAt": "2023-11-08T16:15:03Z", "content": "Apple today announced that Taylor Swift has been named Apple Music's Artist of the Year for 2023 after reaching \"a new realm of superstardom this year.\"\r\nSwift released a new album last month called \u2026 [+1018 chars]"}, {"source": {"id": "business-insider", "name": "Business Insider"}, "author": "mberg@insider.com (Madeline Berg)", "title": "There's one thing Taylor Swift isn't talking about", "description": "Taylor Swift is a billionaire after her Eras Tour and movie boosted her 2023 net worth. The pop star's brand benefits from her downplaying her wealth.", "url": "https://www.businessinsider.com/taylor-swift-billionaire-downplay-net-worth-brand-2023-11", "urlToImage": "https://i.insider.com/6541351e356802a56be8b95b?width=1200&format=jpeg", "publishedAt": "2023-11-01T09:24:01Z", "content": "One look at Taylor Swift's Instagram profile and you know she's had a great few months: There are pictures of her latest rerelease, \"1989\"; snaps from the red carpet movie premiere for \"Taylor Swift:\u2026 [+3331 chars]"}, {"source": {"id": null, "name": "NPR"}, "author": "Scott Horsley", "title": "The Fed held interest rates steady \u2014 but the fight against inflation is not over yet", "description": "The Federal Reserve left interest rates unchanged Wednesday, but left the door open to additional rate hikes in the future, if necessary, to curb inflation.", "url": "https://www.npr.org/2023/11/01/1209737069/federal-reserve-interest-rates-economy-inflation-jobs-unemployment", "urlToImage": "https://media.npr.org/assets/img/2023/11/01/gettyimages-1158902075_wide-fbfc79637a11f734d76d36e061e9c84bfc9a896f-s1400-c100.jpg", "publishedAt": "2023-11-01T18:01:46Z", "content": "The Fed kept interest rates steady on Wednesday for a second consecutive meeting but will continue to monitor the economy. Fed Chair Jerome Powell (pictured) had previously left the door open for ano\u2026 [+3255 chars]"}, {"source": {"id": null, "name": "NPR"}, "author": "Joel Rose", "title": "Public transit systems try to avoid a 'death spiral' as remote work hurts ridership", "description": "Big public transit systems are warning of deep service cuts as they struggle to make up lost revenue from fewer riders. But in some places, ridership is growing as systems adapt to the new normal.", "url": "https://www.npr.org/2023/11/15/1212879398/public-transit-ridership-down-covid-pandemic-death-spiral", "urlToImage": "https://media.npr.org/assets/img/2023/11/14/gettyimages-1289062575_wide-c364aa2c3788f1b2b2d54c141a2feb813cceb97f-s1400-c100.jpg", "publishedAt": "2023-11-15T10:00:29Z", "content": "A Metro train car travels along the Red Line in Washington, D.C. Since the COVID-19 pandemic, riders have slowly returned to taking mass transit.\r\nChip Somodevilla/Getty Images\r\nWASHINGTON In the nat\u2026 [+4490 chars]"}, {"source": {"id": null, "name": "NPR"}, "author": "Bill Chappell", "title": "'Race this': Mikaela Shiffrin on her mindset, and her playlist, this ski season", "description": "When many of us take time off from our jobs, we can forget basic stuff, like computer passwords. So when ski season starts, how does Mikaela Shiffrin click back into scorching slalom courses?", "url": "https://www.npr.org/2023/11/20/1213535750/mikaela-shiffrin-world-cup-race-interview-playlist", "urlToImage": "https://media.npr.org/assets/img/2023/11/16/ap23316329676020_wide-58d3dee377519ddedb6581514c6dd6759f74c06d-s1400-c100.jpg", "publishedAt": "2023-11-20T10:02:13Z", "content": "Mikaela Shiffrin speeds down the course during the first run of an alpine ski World Cup women's slalom race, in Levi, Finland, on Nov. 12.\r\nGiovanni Auletta/AP\r\nEven the winningest alpine skier of al\u2026 [+7136 chars]"}, {"source": {"id": "business-insider", "name": "Business Insider"}, "author": "Taylor Berman", "title": "Biden turns 81, pardons turkeys, confuses Taylor Swift with Britney Spears", "description": "\"That's a big bird, man. I'm impressed\" Biden said during the ceremony where he confused Britney Spears and Taylor Swift.", "url": "https://www.businessinsider.com/biden-turns-81-pardons-turkeys-confuses-taylor-swift-britney-spears-2023-11", "urlToImage": "https://i.insider.com/655bade122cf74a5739a479e?width=1200&format=jpeg", "publishedAt": "2023-11-20T19:15:27Z", "content": "Win McNamee/Getty Images\r\n<ul><li>Biden turned 81 on Monday.</li><li>He also pardoned two turkeys on Monday.</li><li>And he confused Britney Spears for Taylor Swift.</li></ul>On Monday, President Joe\u2026 [+1240 chars]"}, {"source": {"id": "business-insider", "name": "Business Insider"}, "author": "Matthew Fox", "title": "A Taylor Swift song is the best investment advice for 2024, Goldman Sachs says", "description": "This isn't the first time Taylor Swift has occupied the head space of Wall Street forecasters and economists this year.", "url": "https://markets.businessinsider.com/news/stocks/taylor-swift-song-best-2024-investment-advice-stock-market-outlook-2023-11", "urlToImage": "https://i.insider.com/6554da3e4ca513d82429bcbb?width=1200&format=jpeg", "publishedAt": "2023-11-15T15:39:00Z", "content": "Taylor Swift at the 2023 Grammy Awards.Jordan Strauss/Invision/AP\r\n<ul><li>Goldman Sachs recommended investors channel their inner Taylor Swift when planning for 2024.</li><li>The bank said investors\u2026 [+2953 chars]"}, {"source": {"id": "business-insider", "name": "Business Insider"}, "author": "Dan Latu", "title": "A Taylor Swift Airbnb is a bachelorette dream home where megafans can bask in her \"Eras\" for up to $1,400 a night", "description": "You can rent this Taylor Swift Airbnb in Scottsdale, Arizona. Each room is devoted to a different era, from \"Reputation\" to \"Lover\" to \"Folklore.\"", "url": "https://www.businessinsider.com/taylor-swift-airbnb-eras-1989-lover-reputation-folklore-evermore-2023-11", "urlToImage": "https://i.insider.com/65424f6136d588dc55c7b7c2?width=1200&format=jpeg", "publishedAt": "2023-11-01T15:29:50Z", "content": "The living area of Kelly Straka's Taylor Swift-themed Arizona Airbnb.Courtesy of Kelly Straka\r\n<ul>\n<li>An Arizona Airbnb with rooms themed around Taylor Swift's different \"Eras\" is welcoming guests \u2026 [+5030 chars]"}, {"source": {"id": "business-insider", "name": "Business Insider"}, "author": "Juliana Kaplan", "title": "A movie theater staffer describes what it was like to work Taylor Swift's Eras Tour film premiere, which was so loud it blew out 2 amps", "description": "Taylor Swift's Eras Tour film was so loud it blew the sound system in one theater.", "url": "https://www.businessinsider.com/taylor-swift-eras-tour-movie-movie-theater-worker-2023-10", "urlToImage": "https://i.insider.com/652eee53be9edfa8eda32e25?width=1200&format=jpeg", "publishedAt": "2023-10-21T11:59:01Z", "content": "Swifties descended upon movie theaters over the weekend.FREDERIC J. BROWN/AFP via Getty Images\r\n<ul><li>The Eras Tour film opened last weekend in movie theaters around the world.</li><li>Some theater\u2026 [+3321 chars]"}, {"source": {"id": "business-insider", "name": "Business Insider"}, "author": "Jordan Hart", "title": "Gen Z's financial icons revealed: Taylor Swift beats Warren Buffett, and Bill Gates tops the list", "description": "Bill Gates, Beyonc\u00e9, and Oprah Winfrey made the list of people who embody financial success for Gen Z, according to a new survey of college students.", "url": "https://www.businessinsider.com/taylor-swift-jeff-bezos-elon-musk-top-financial-icons-genz-2023-11", "urlToImage": "https://i.insider.com/65451e96b788914e554fd179?width=1200&format=jpeg", "publishedAt": "2023-11-04T08:56:01Z", "content": "Young people haven't forgotten about some of the people responsible for today's tech, like Bill Gates, but they're also looking at entertainers like Taylor Swift and Oprah Winfrey for financial inspi\u2026 [+3175 chars]"}, {"source": {"id": "business-insider", "name": "Business Insider"}, "author": "Jenny McGrath", "title": "Dolly Parton, Taylor Swift, and more celebrities with species named after them", "description": "Some scientists love naming new species after celebrities. From David Bowie's spider to Dolly Parton's lichen, here are famously named species.", "url": "https://www.businessinsider.com/celebrity-species-named-eponyms-nomenclature-taxonomy", "urlToImage": "https://i.insider.com/654ec0aab788914e55547b68?width=1200&format=jpeg", "publishedAt": "2023-11-12T12:47:02Z", "content": "In honor of Jimmy Buffett\u2019s \u201cMargaritaville,\u201d scientists named this yellow snail Cayo margarita.Hal Horowitz/WireImage/Getty Images; R. Bieler\r\n<ul>\n<li>An eponym is a scientific species name that co\u2026 [+7964 chars]"}, {"source": {"id": "business-insider", "name": "Business Insider"}, "author": "Grace Kay,Taylor Rains", "title": "Elon Musk appears to have given up on trying to camouflage his private-jet travels with an FAA program used by Jeff Bezos and Taylor Swift", "description": "Elon Musk had signed up for the FAA's PIA program that allows private jet owners to fly incognito, but he appears to have stopped using it for now.", "url": "https://www.businessinsider.com/elon-musk-appears-no-longer-masking-private-jet-tracking-pia-2023-10", "urlToImage": "https://i.insider.com/653a86af96f7540cd0668803?width=1200&format=jpeg", "publishedAt": "2023-10-28T09:07:01Z", "content": "Elon Musk appears to have stopped using a program that attempts to shield his jet travels, according to JetSpy.STEFANI REYNOLDS/AFP via Getty Images\r\n<ul>\n<li>Last year, Elon Musk stopped using an FA\u2026 [+4864 chars]"}, {"source": {"id": "business-insider", "name": "Business Insider"}, "author": "Kai Xiang Teo", "title": "Nvidia boss Jensen Huang joked that Jackie Chan should play him in a movie", "description": "\"I'll do my own stunts, yeah. I'll do all my own typing,\" Nvidia CEO Jensen Huang joked.", "url": "https://www.businessinsider.com/nvidia-jensen-huang-joked-jackie-chan-play-him-movie-2023-11", "urlToImage": "https://i.insider.com/6548574236d588dc55cb2ccb?width=1200&format=jpeg", "publishedAt": "2023-11-06T06:03:33Z", "content": "Jensen Huang, co-founder and CEO of Nvidia, speaks during the Hon Hai Tech Day in Taipei on October 18, 2023.I-HWA CHENG/AFP via Getty Image\r\n<ul><li>Nvidia CEO Jensen Huang already has an actor in m\u2026 [+1854 chars]"}, {"source": {"id": "business-insider", "name": "Business Insider"}, "author": "Dan DeFrancesco", "title": "The boomer market boon", "description": "Baby Boomers are dominating the economy these days. Here's how you can invest to cash-in on their spending spree.", "url": "https://www.businessinsider.com/news-today-october-30-baby-boomer-investing-strategy-2023-10", "urlToImage": "https://i.insider.com/653c1a710487ff031cb12133?width=1200&format=jpeg", "publishedAt": "2023-10-30T12:52:11Z", "content": "Shutterstock\r\n<ul>\n<li>This post originally appeared in the Insider Today newsletter.</li>\n<li>You can sign up for\u00a0Insider's daily newsletter here.</li>\n</ul>Welcome back. If you still haven't figure\u2026 [+7547 chars]"}, {"source": {"id": "business-insider", "name": "Business Insider"}, "author": "Theron Mohamed", "title": "Mark Zuckerberg's Meta has lost nearly $50 billion on the metaverse - more than Ford, Hershey, or Kraft Heinz are worth", "description": "Facebook-parent Meta has lost $47 billion in its metaverse division in under five years, a sum that's close to the market value of Chipotle or Target.", "url": "https://markets.businessinsider.com/news/stocks/mark-zuckerberg-facebook-meta-stock-metaverse-losses-big-tech-investments-2023-10", "urlToImage": "https://i.insider.com/653b8e5d96f7540cd0676c69?width=1200&format=jpeg", "publishedAt": "2023-10-27T11:08:27Z", "content": "Mark Zuckerberg.Justin Sullivan/Getty\r\n<ul>\n<li>Mark Zuckerberg's Meta has recorded nearly $50 billion of metaverse losses in under five years.</li>\n<li>The division's total loss of $47 billion excee\u2026 [+2830 chars]"}, {"source": {"id": "business-insider", "name": "Business Insider"}, "author": "Diamond Naga Siu", "title": "Insider Today: Financial freedom's reality", "description": "Two people who consider themselves financially free shared a glimpse of what their lives are like \u2014 and it's actually a lot of work.", "url": "https://www.businessinsider.com/etsy-financial-freedom-digital-goods-entrepreneur-2023-11", "urlToImage": "https://i.insider.com/63481cb0c03fe400197b5d8c?width=1200&format=jpeg", "publishedAt": "2023-11-11T12:01:01Z", "content": "Anna Kim/Insider\r\n<ul>\n<li>This post originally appeared in the Insider Today newsletter.</li>\n<li>You can sign up for Insider's daily newsletter here.</li>\n</ul>It's the weekend, friends! Scientists\u2026 [+7628 chars]"}, {"source": {"id": "business-insider", "name": "Business Insider"}, "author": "Dan DeFrancesco", "title": "Goldman exec exits revealed", "description": "Insider analysis of partner exits under CEO David Solomon provides a fascinating look at the turnover at one of Wall Street's most prestigious banks.", "url": "https://www.businessinsider.com/news-today-october-27-goldman-sachs-partners-leaving-david-solomon-2023-9", "urlToImage": "https://i.insider.com/653ac22e96f7540cd0670975?width=1200&format=jpeg", "publishedAt": "2023-10-27T14:10:49Z", "content": "David Solomon at Goldman Sachs' 2023 investor day.BRENDAN MCDERMID/REUTERS\r\n<ul>\n<li>This post originally appeared in the Insider Today newsletter.</li>\n<li>You can sign up for\u00a0Insider's daily newsle\u2026 [+7345 chars]"}, {"source": {"id": "business-insider", "name": "Business Insider"}, "author": "Madeline Berg", "title": "AMC's CEO thought he was texting naughty photos to a former ballerina fling. Then everything went haywire.", "description": "A monthslong blackmail attempt for hundreds of thousands of dollars targeted AMC's CEO Adam Aron. He stood his ground.", "url": "https://www.businessinsider.com/extortion-blackmail-plot-against-amc-ceo-adam-aron-2023-10", "urlToImage": "https://i.insider.com/653a88410487ff031caf482e?width=1200&format=jpeg", "publishedAt": "2023-10-27T09:17:01Z", "content": "A monthslong extortion attempt for hundreds of thousands of dollars targeted AMC's CEO. He stood his ground.Matt Winkelmeyer / Stringer/ Getty, 5nikolas5/Getty Ljupco/Getty, Tyler Le/Insider\r\nWhen Ad\u2026 [+10322 chars]"}, {"source": {"id": "business-insider", "name": "Business Insider"}, "author": "Alistair Barr", "title": "In a world of infinite AI, the new luxury item will be humans", "description": "An explosion of commoditized machine-generated products and services will make human-centered offerings rarer, more desirable and therefore more valuable.", "url": "https://www.businessinsider.com/ai-artificial-intelligence-new-luxury-item-will-be-humans-2023-10", "urlToImage": "https://i.insider.com/65380c890487ff031cad02f0?width=1200&format=jpeg", "publishedAt": "2023-10-25T09:00:02Z", "content": "Residents enjoy a carnival parade on February 6, 2005 in Viareggio, Italy.Marco Di Lauro/Getty Images\r\n<ul><li>Modern factories, supply chains and Amazon has turned\u00a0'stuff' into a commodity.\u00a0</li><li\u2026 [+9520 chars]"}, {"source": {"id": "business-insider", "name": "Business Insider"}, "author": "Dan DeFrancesco", "title": "The billionaire's calendar", "description": "Get an inside look at the must-see events and gatherings the world's richest people attend throughout the year.", "url": "https://www.businessinsider.com/news-today-november-16-billioniare-social-calendar-trips-events-places-2023-11", "urlToImage": "https://i.insider.com/65553b8a36d588dc55d133f3?width=1200&format=jpeg", "publishedAt": "2023-11-16T12:54:10Z", "content": "Scott Barbour/Getty Images\r\n<ul>\n<li>This post originally appeared in the Insider Today newsletter.</li>\n<li>You can sign up for\u00a0Insider's daily newsletter here.</li>\n</ul>Almost to the weekend! Gen \u2026 [+7839 chars]"}, {"source": {"id": "business-insider", "name": "Business Insider"}, "author": "Aki Ito", "title": "He was working three full-time jobs at Meta, IBM, and Tinder. His bosses didn't know.", "description": "Since the start of the pandemic, more workers have seized on the privacy provided by remote work to secretly take on two or more jobs.", "url": "https://www.businessinsider.com/overemployed-workers-secret-two-multiple-jobs-salaries-tech-tips-2023-11", "urlToImage": "https://i.insider.com/654d5e9a3cc84b4dfaffcd89?width=1200&format=jpeg", "publishedAt": "2023-11-13T10:33:01Z", "content": "Remote workers are \"double dipping\" \u2014 taking two or more full-time jobs at the same time \u2014 without their bosses knowing.Tyler Le/Insider\r\nEarly in the pandemic, Bryan Roque lost his job as a software\u2026 [+19350 chars]"}, {"source": {"id": "business-insider", "name": "Business Insider"}, "author": "Insider Inc.", "title": "The tech world's quiet connector", "description": "A successful founder herself, Ruzwana Bashir connects everyone from Elon Musk to Marissa Mayer.", "url": "https://www.businessinsider.com/ruzwana-bashir-peek-tech-connector-2023-11", "urlToImage": "https://i.insider.com/6555191c4ca513d8242a14c0?width=1200&format=jpeg", "publishedAt": "2023-11-16T11:00:02Z", "content": "Ruzwana Bashir wears a Danz dress, Giuseppe Zanotti shoes, and her own bracelet and ring.Lelanie Foster for Business Insider\r\nStory by Melia RussellPhotography by Lelanie FosterRuzwana Bashir is rans\u2026 [+16330 chars]"}, {"source": {"id": null, "name": "Boing Boing"}, "author": "Mark Frauenfelder", "title": "Taylor Swift accused of witchcraft by MAGA pastor Hank Kunneman", "description": "Hank Kunneman is employed as a MAGA pastor. It's not bad work if you can stomach spouting uncreative and discredited conspiracy theories to dimwitted, credulous, and perpetually enraged Trump worshippers. If you know who Kunneman is, you probably remember him\u2026", "url": "https://boingboing.net/2023/11/06/taylor-swift-accused-of-witchcraft-by-maga-pastor-hank-kunneman.html", "urlToImage": "https://i0.wp.com/boingboing.net/wp-content/uploads/2023/11/taylor-swift.jpg?fit=1200%2C798&ssl=1", "publishedAt": "2023-11-06T23:30:56Z", "content": "Hank Kunneman is employed as a MAGA pastor. It's not bad work if you can stomach spouting uncreative and discredited conspiracy theories to dimwitted, credulous, and perpetually enraged Trump worship\u2026 [+1089 chars]"}, {"source": {"id": null, "name": "Boing Boing"}, "author": "Rob Beschizza", "title": "Google sues two men who sent out fake copyright takedowns", "description": "Google claims that two men used fraudulent copyright takedown notices to target 620,000 URLs in its search index, and has filed a lawsuit in California accusing them of sabotaging their competitors and trying to damage the search engine's business. Nguyen Van\u2026", "url": "https://boingboing.net/2023/11/14/google-sues-two-men-who-sent-out-fake-copyright-takedowns.html", "urlToImage": "https://i0.wp.com/boingboing.net/wp-content/uploads/2019/10/copy.jpg?fit=900%2C600&ssl=1", "publishedAt": "2023-11-14T15:28:20Z", "content": "Google claims that two men used fraudulent copyright takedown notices to target 620,000 URLs in its search index, and has filed a lawsuit in California accusing them of sabotaging their competitors a\u2026 [+1082 chars]"}, {"source": {"id": null, "name": "Boing Boing"}, "author": "Peter Sheridan", "title": "Trump's dementia and teddy bear sex in this week's dubious tabloids", "description": "'National Enquirer'\n\n\n\n\"Matthew Perry Didn't Have To Die!\" screams the cover, declaring: \"Grim cover-up exposed!\"\n\n\n\nApparently \"the truth behind the tragic funnyman's final minutes is being buried by the Los Angeles County Medical Examiner.\"\n\n\n\n\n\n\n\nThe 'Enqu\u2026", "url": "https://boingboing.net/2023/11/11/trumps-dementia-and-teddy-bear-sex-in-this-weeks-dubious-tabloids.html", "urlToImage": "https://i0.wp.com/boingboing.net/wp-content/uploads/2020/07/tabloids.jpg?fit=1200%2C749&ssl=1", "publishedAt": "2023-11-11T12:00:00Z", "content": "\"Matthew Perry Didn't Have To Die!\" screams the cover, declaring: \"Grim cover-up exposed!\"\r\nApparently \"the truth behind the tragic funnyman's final minutes is being buried by the Los Angeles County \u2026 [+8744 chars]"}, {"source": {"id": null, "name": "VentureBeat"}, "author": "Sharon Goldman", "title": "How Marc Andreessen is like Robert Moses: \u2018It\u2019s time to build\u2019 AI\u00a0 | The AI Beat", "description": "Marc Andreessen and Robert Moses both said 'It's time to build.' But are the Techno-Optimists destined for a Moses-style reckoning?", "url": "https://venturebeat.com/ai/how-marc-andreessen-is-like-robert-moses-its-time-to-build-ai-the-ai-beat/", "urlToImage": "https://venturebeat.com/wp-content/uploads/2023/10/sharogold_an_expressway_cutting_through_lower_manhattan_7a888e52-c8d3-42d5-8935-1a06f40adb3b.png?w=1200&strip=all", "publishedAt": "2023-10-23T16:14:04Z", "content": "VentureBeat presents: AI Unleashed - An exclusive executive event for enterprise data leaders. Network and learn with industry peers.Learn More\r\nDid you spend your weekend driving down the New Jersey\u2026 [+1207 chars]"}, {"source": {"id": null, "name": "Hipertextual"}, "author": "Rub\u00e9n Chicharro", "title": "Apple elimina el plan m\u00e1s barato de Apple Music", "description": "Apple ha dejado de ofrecer uno de sus planes de suscripci\u00f3n m\u00e1s baratos a Apple Music, Apple Voice, que desde 2021 permit\u00eda a los usuarios utilizar el servicio de m\u00fasica en streaming con comandos a trav\u00e9s de Siri por un precio de 4,99 euros al mes. La compa\u00f1\u00ed\u2026", "url": "http://hipertextual.com/2023/11/apple-elimina-el-plan-mas-barato-de-apple-music", "urlToImage": "https://imgs.hipertextual.com/wp-content/uploads/2023/08/Apple-Music.jpg", "publishedAt": "2023-11-02T09:51:14Z", "content": "Apple ha dejado de ofrecer uno de sus planes de suscripci\u00f3n m\u00e1s baratos a Apple Music, Apple Voice, que desde 2021 permit\u00eda a los usuarios utilizar el servicio de m\u00fasica en streaming con comandos a t\u2026 [+2676 chars]"}, {"source": {"id": "time", "name": "Time"}, "author": "Moises Mendez II", "title": "The Meaning Behind Taylor Swift\u2019s 1989 Vault Track \u2018Slut!\u2019", "description": "Taylor Swift boldly reclaims a word that's been hurled at her in 1989 (Taylor's Version), with \"Slut!\"", "url": "https://time.com/6329228/taylor-swift-1989-slut-song/", "urlToImage": "https://api.time.com/wp-content/uploads/2023/10/taylor-swift-1989-2.jpg?quality=85", "publishedAt": "2023-10-27T17:13:51Z", "content": "In September, when Taylor Swift announced that one of the vault tracks off of 1989 (Taylors Version) would be called Slut!, it immediately became the most anticipated song from the re-release. \r\nRele\u2026 [+3032 chars]"}, {"source": {"id": "time", "name": "Time"}, "author": "Moises Mendez II", "title": "The Biggest Snubs and Surprises of the 2024 Grammy Nominations", "description": "SZA, Taylor Swift, Victoria Mon\u00e9t, and Phoebe Bridgers are among the most nominated artists at the 2024 Grammy Awards.", "url": "https://time.com/6333788/grammy-nominations-2024-sza-taylor-swift/", "urlToImage": "https://api.time.com/wp-content/uploads/2023/11/2024-grammy-nominations.jpg?quality=85", "publishedAt": "2023-11-10T17:32:53Z", "content": "The 2024 Grammy nominations were announced Friday morning and SZA took the lead, with nine nods for the singer, followed closely by Victoria Mon\u00e9t and Phoebe Bridgers, who each took home seven. Eight\u2026 [+4044 chars]"}, {"source": {"id": "time", "name": "Time"}, "author": "Olivia-Anne Cleary", "title": "Taylor Swift Postpones Rio Concert Amid Safety Concerns Following Fan\u2019s Death", "description": "Taylor Swift took to social media on Saturday evening to announce that she was postponing her concert, amid concerns over safety.", "url": "https://time.com/6337308/taylor-swift-fan-death-rio-concert-postponed/", "urlToImage": "https://api.time.com/wp-content/uploads/2023/11/GettyImages-1788311606.jpg?quality=85", "publishedAt": "2023-11-19T13:07:57Z", "content": "Taylor Swift took to social media on Saturday evening to announce that she was postponing her Rio concert, amid exceedingly high temperatures and concerns over safety. The statement came one night af\u2026 [+4040 chars]"}, {"source": {"id": "time", "name": "Time"}, "author": "Samantha Cooney, Annabel Gutterman, Moises Mendez II and Rachel Sonis", "title": "A Ranking of Taylor Swift\u2019s \u2018From the Vault\u2019 Songs", "description": "With each re-recorded album, Taylor Swift has also released songs that almost made the cut. Here are our favorite 'From the Vault' tracks.", "url": "https://time.com/6327597/taylor-swift-best-vault-songs/", "urlToImage": "https://api.time.com/wp-content/uploads/2023/10/TaylorSwift_Vault.png", "publishedAt": "2023-10-25T15:30:13Z", "content": "When Taylor Swift announced in 2019 that she would be re-recording her first six albums in an effort to reclaim her original music, fans began eagerly anticipating the opportunity to revisit the past\u2026 [+11985 chars]"}, {"source": {"id": "time", "name": "Time"}, "author": "Rachel Sonis", "title": "Taylor Swift\u2019s \u2018All You Had To Do Was Stay\u2019 Is Criminally Underrated", "description": "It's time to reassess the track from Taylor Swift's 1989, which is set to be rereleased on Oct. 27.", "url": "https://time.com/6328126/taylor-swift-1989-all-you-had-to-do-was-stay/", "urlToImage": "https://api.time.com/wp-content/uploads/2023/10/taylor-swift-1989.jpg?quality=85", "publishedAt": "2023-10-26T14:43:39Z", "content": "It came to her in a dream (an embarrassing one, at that), Taylor Swift recalled about the origin of her song, All You Had To Do Was Stay. On the cusp of her ascent into stratospheric superstardom wit\u2026 [+4500 chars]"}, {"source": {"id": "time", "name": "Time"}, "author": "Cady Lang", "title": "The Hottest Costume This Halloween? The All-American Couple", "description": "What this year's most popular Halloween costumes say about our current attitudes", "url": "https://time.com/6328337/halloween-costume-barbie-ken-taylor-swift-travis-kelce/", "urlToImage": "https://api.time.com/wp-content/uploads/2023/10/halloween-barbie-ken-taylor-swift-travis-kelce.jpg?quality=85", "publishedAt": "2023-10-27T22:22:06Z", "content": "Weeks before Halloween, Hannah Montoya was busy crafting her first ever couples costume, collecting a blonde wig, friendship bracelets, and an NFL jersey emblazoned with the name and number of Kansas\u2026 [+4469 chars]"}, {"source": {"id": "time", "name": "Time"}, "author": "DARLENE SUPERVILLE / AP", "title": "Biden Pardons National Thanksgiving Turkeys on His 81st Birthday", "description": "Turkeys Liberty and Bell have new appreciation for the phrase, \u201cLet freedom ring.\u201d", "url": "https://time.com/6337883/biden-pardons-national-thanksgiving-turkeys-81st-birthday/", "urlToImage": "https://api.time.com/wp-content/uploads/2023/11/Biden-1.jpg?quality=85", "publishedAt": "2023-11-20T21:06:21Z", "content": "WASHINGTON Turkeys Liberty and Bell have new appreciation for the phrase, Let freedom ring.\r\nThe Thanksgiving birds played their part Monday in\u00a0annual White House tradition\u00a0that this year coincided w\u2026 [+4650 chars]"}, {"source": {"id": null, "name": "Slate Magazine"}, "author": "Eric Boehm and Celeste Headlee", "title": "Social Security Doesn\u2019t Make Sense Anymore", "description": "It\u2019s a transfer of wealth, and not to the people who need it.", "url": "https://slate.com/news-and-politics/2023/11/social-security-reform-congress-insolvency-wealth-welfare-entitlements-wrong.html", "urlToImage": "https://compote.slate.com/images/9c9d4984-7840-4be9-ac88-7f56eded94da.jpeg?crop=3808%2C2539%2Cx176%2Cy0&width=1560", "publishedAt": "2023-11-18T16:00:00Z", "content": "This week, Congress approved a temporary government funding package, once again averting a potential shutdown, at least until next year. As is the case every time this happens, there are a few key is\u2026 [+11003 chars]"}, {"source": {"id": "polygon", "name": "Polygon"}, "author": "Petrana Radulovic", "title": "Why do people think Taylor Swift secretly wrote Henry Cavill\u2019s new spy movie?", "description": "Argylle stars Henry Cavill and Dua Lipa and is based on a book by author Elly Conway \u2014 who Taylor Swift fans are convinced is the pop superstar herself.", "url": "https://www.polygon.com/23929262/taylor-swift-elly-conway-argylle-book-dua-lipa-henry-cavill", "urlToImage": "https://cdn.vox-cdn.com/thumbor/U44rxQX3xjZo7eM5HSCxELFFNvw=/0x243:4800x2756/fit-in/1200x630/cdn.vox-cdn.com/uploads/chorus_asset/file/25025729/1677606107.jpg", "publishedAt": "2023-10-24T14:00:00Z", "content": "If you buy something from a Polygon link, Vox Media may earn a commission. See our ethics statement.Argylle is an upcoming spy movie from Kingsman director Matthew Vaughn, starring Bryce Dallas Howar\u2026 [+7598 chars]"}, {"source": {"id": "polygon", "name": "Polygon"}, "author": "Jesse Hassenger", "title": "The Five Nights at Freddy\u2019s movie is a dizzying mashup of decades of culture", "description": "The Five Nights at Freddy\u2019s movie gives FNAF fandom grist for YouTube explainers, but it\u2019s thin soup for everyone else. In theaters and streaming on Peacock.", "url": "https://www.polygon.com/reviews/23934016/five-nights-at-freddys-movie-review-horror-streamers", "urlToImage": "https://cdn.vox-cdn.com/thumbor/NMVHM81TLBKOCvheebTQWhHs31c=/0x0:6240x3267/fit-in/1200x630/cdn.vox-cdn.com/uploads/chorus_asset/file/25035583/FourOnFloor.jpg", "publishedAt": "2023-10-27T14:01:00Z", "content": "If you buy something from a Polygon link, Vox Media may earn a commission. See our ethics statement.At first glance, Five Nights at Freddys seems like an odd property to become a pop culture phenomen\u2026 [+9997 chars]"}, {"source": {"id": "espn", "name": "ESPN"}, "author": "Eric Karabell", "title": "Flex and superflex rankings", "description": "Trying to decide between a couple of closely ranked fantasy football players this week? Eric Karabell ranks the top 150 QBs, RBs, WRs and TEs to make the decision easy for you.", "url": "https://www.espn.com/fantasy/football/story/_/id/38793185/fantasy-football-superflex-rankings-2023-qb-rb-wr-te", "urlToImage": "https://a.espncdn.com/combiner/i?img=%2Fphoto%2F2023%2F1015%2Fr1238813_1296x729_16%2D9.jpg", "publishedAt": "2023-11-01T14:54:34Z", "content": "Welcome to Week 9 of the 2023 NFL season and our weekly PPR fantasy football superflex rankings. We know many of you compete in superflex formats that invite/covet second quarterbacks in starting lin\u2026 [+10326 chars]"}, {"source": {"id": null, "name": "Boing Boing"}, "author": "Peter Sheridan", "title": "Meghan Markle's \"casting couch\" and an Epstein \"sex slave\" murdered in this week's dubious tabloids", "description": "'National Enquirer'\n\n\n\n\"Natalee's Killer Gets Away With Murder!\" indignantly screams that bastion of truth, justice and the American way, the 'National Enquirer.'\n\n\n\n\"Shameless Meghan Seduces Costner!\"\n\n\n\nJordan Van Der Sloot is already serving 28 years in a \u2026", "url": "https://boingboing.net/2023/10/27/meghan-markles-casting-couch-and-an-epstein-sex-slave-murdered-in-this-weeks-dubious-tabloids.html", "urlToImage": "https://i0.wp.com/boingboing.net/wp-content/uploads/2020/07/tabloids.jpg?fit=1200%2C749&ssl=1", "publishedAt": "2023-10-27T17:17:11Z", "content": "\"Natalee's Killer Gets Away With Murder!\" indignantly screams that bastion of truth, justice and the American way, the 'National Enquirer.'\r\n\"Shameless Meghan Seduces Costner!\"\r\nJordan Van Der Sloot \u2026 [+7540 chars]"}, {"source": {"id": null, "name": "Boing Boing"}, "author": "Boing Boing's Shop", "title": "Enjoy vinyl on-the-go with the world's smallest wireless portable record player for only $79.97", "description": "TL;DR:\u00a0Enjoy vinyl records like never before with the innovative RokBlok 2.0, the world's smallest portable wireless record player, for only $79.97 (Reg. $99) until 11:59 PM on 11/16.\n\n\n\nCDs may be a thing of the past, but vinyl keeps on keepin' on. \u2014 Read th\u2026", "url": "https://boingboing.net/2023/11/12/enjoy-vinyl-on-the-go-with-the-worlds-smallest-wireless-portable-record-player-for-only-79-97.html", "urlToImage": "https://i0.wp.com/boingboing.net/wp-content/uploads/2023/11/sale_322647_article_image-3.jpg?fit=1200%2C800&ssl=1", "publishedAt": "2023-11-13T01:00:00Z", "content": "TL;DR:\u00a0Enjoy vinyl records like never before with the innovative RokBlok 2.0, the world's smallest portable wireless record player, for only $79.97 (Reg. $99) until 11:59 PM on 11/16.\r\nCDs may be a t\u2026 [+2041 chars]"}, {"source": {"id": null, "name": "HuffPost"}, "author": "Nina Golgowski", "title": "Taylor Swift Sets Grammy Awards Record With \u2018Anti-Hero\u2019 Nomination", "description": "The \u201cMidnights\u201d singer received six nominations in all.", "url": "https://www.huffpost.com/entry/taylor-swift-grammy-nomination-anti-hero-midnights_n_654e7c39e4b0c9f246601e0e", "urlToImage": "https://img.huffingtonpost.com/asset/654e914b2200004717cef563.jpeg?cache=Cc947bewi6&ops=1200_630", "publishedAt": "2023-11-10T22:14:39Z", "content": "Taylor Swifts done it again.\r\nThe Midnights singer has set a new Grammy record for the most nominations for any person in the Song of the Year category.\r\nSwifts hit single Anti-Hero was shortlisted f\u2026 [+2321 chars]"}, {"source": {"id": null, "name": "HuffPost"}, "author": "David Moye", "title": "CBS Shows Just How Much Taylor Swift Affects Travis Kelce\u2019s Game", "description": "The Chiefs tight end averages 99 receiving yards a game when the singer is in attendance, versus 46.5 yards when she\u2019s a no-show.", "url": "https://www.huffpost.com/entry/travis-kelce-stats-taylor-swift_n_65369751e4b0689b3fbd721f", "urlToImage": "https://img.huffingtonpost.com/asset/65369aea1f000060091baff9.jpeg?cache=4cXYNkpVef&ops=1200_630", "publishedAt": "2023-10-23T17:52:34Z", "content": "The NFL is definitely benefiting from Travis Kelce and Taylor Swifts relationship, but now theres more evidence that Kelce is, too.\r\nThe Kansas City Chiefs tight end had 12 catches for 179 yards and \u2026 [+1231 chars]"}, {"source": {"id": null, "name": "Xataka.com"}, "author": "Rub\u00e9n Andr\u00e9s", "title": "Tras arrasar con su gira, su pel\u00edcula y ser la reina del streaming, Taylor Swift consigue un nuevo hito: ser milmillonaria", "description": "Taylor Swift ha conseguido postrar a sus pies a toda una legi\u00f3n de fans en todo el mundo, pero lo m\u00e1s importante, es que tambi\u00e9n lo ha hecho con la industria de la m\u00fasica.\n<!-- BREAK 1 -->\nTras arrasar con la gira, triunfar en las salas con un\u2026 \u00bfcineconcierto\u2026", "url": "https://www.xataka.com/magnet/arrasar-su-gira-su-pelicula-ser-reina-streaming-taylor-swift-consigue-nuevo-hito-ser-milmillonaria", "urlToImage": "https://i.blogs.es/83fab2/taylor-swift/840_560.jpeg", "publishedAt": "2023-11-06T19:31:29Z", "content": "Taylor Swift ha conseguido postrar a sus pies a toda una legi\u00f3n de fans en todo el mundo, pero lo m\u00e1s importante, es que tambi\u00e9n lo ha hecho con la industria de la m\u00fasica.\r\nTras arrasar con la gira, \u2026 [+2546 chars]"}, {"source": {"id": null, "name": "Xataka.com"}, "author": "John Tones", "title": "Nuevo choque entre Taylor Swift y las discogr\u00e1ficas: los contratos cambian para evitar que otros artistas sigan sus pasos", "description": "Cuando Taylor Swift anunci\u00f3 en 2021 que iba a regrabar todos los discos que edit\u00f3 con Big Machine Records, su decisi\u00f3n fue recibida con cierto excepticismo, ya que la artista estaba en medio de una cruenta guerra por la recuperaci\u00f3n de sus masters y se entend\u2026", "url": "https://www.xataka.com/musica/nuevo-choque-taylor-swift-discograficas-contratos-cambian-para-evitar-que-otros-artistas-sigan-sus-pasos", "urlToImage": "https://i.blogs.es/131409/taylor-swift-red-cr-beth-garrabrant-press-2021-billboard-1548-1636735410/840_560.jpeg", "publishedAt": "2023-10-31T13:01:55Z", "content": "Cuando Taylor Swift anunci\u00f3 en 2021 que iba a regrabar todos los discos que edit\u00f3 con Big Machine Records, su decisi\u00f3n fue recibida con cierto excepticismo, ya que la artista estaba en medio de una c\u2026 [+4004 chars]"}, {"source": {"id": null, "name": "Xataka.com"}, "author": "John Tones", "title": "Cuando compras una entrada Ticketmaster se lleva una comisi\u00f3n. Y ahora cuando la revendes, tambi\u00e9n", "description": "El nuevo sistema de reventa de entradas de Ticketmaster, fan-to-fan, ha llegado recientemente a Espa\u00f1a tras un pol\u00e9mico recorrido en Estados Unidos. Algunos fans que han intentado comprar entradas una vez agotadas protestan por algunas condiciones que conside\u2026", "url": "https://www.xataka.com/musica/cuando-compras-entrada-ticketmaster-se-lleva-comision-ahora-cuando-revendes-tambien", "urlToImage": "https://i.blogs.es/7a1d57/797f8f12dcf7583ee3323802e3727ef6ca-taylor-swift-1.2x.rhorizontal.w700/840_560.jpeg", "publishedAt": "2023-10-27T11:33:38Z", "content": "El nuevo sistema de reventa de entradas de Ticketmaster, fan-to-fan, ha llegado recientemente a Espa\u00f1a tras un pol\u00e9mico recorrido en Estados Unidos. Algunos fans que han intentado comprar entradas un\u2026 [+3814 chars]"}, {"source": {"id": null, "name": "Xataka.com"}, "author": "John Tones", "title": "La cr\u00edtica la odia, el p\u00fablico la adora: 'Five Nights at Freddy's' bate records de taquilla en su primer fin de semana", "description": "Dada la popularidad del juego que adapta, era de esperar un considerable \u00e9xito en taquilla, pero no hasta este punto: 'Five Nights at Freddy's', basada en el popular\u00edsimo videojuego indie de terror, ha reventado la taquilla este fin de semana. Adem\u00e1s, sentand\u2026", "url": "https://www.xataka.com/cine-y-tv/critica-odia-publico-adora-five-nights-at-freddys-bate-records-taquilla-su-primer-fin-semana", "urlToImage": "https://i.blogs.es/0abaa5/fred/840_560.jpeg", "publishedAt": "2023-10-30T14:01:44Z", "content": "Dada la popularidad del juego que adapta, era de esperar un considerable \u00e9xito en taquilla, pero no hasta este punto: 'Five Nights at Freddy's', basada en el popular\u00edsimo videojuego indie de terror, \u2026 [+4457 chars]"}, {"source": {"id": null, "name": "Xataka.com"}, "author": "Albert Sanchis", "title": "C\u00f3mo un joven an\u00f3nimo de A Coru\u00f1a lleg\u00f3 al #1 mundial de Spotify: la estrategia detr\u00e1s del \u00e9xito de \u00cd\u00f1igo Quintero", "description": "\"Sue\u00f1as alto, es el poder\n\nque te han dado desde el cielo\".\n\nNo me sirven tus pocas se\u00f1ales,\n\nya nada es como antes\".\n\nSon los versos de la canci\u00f3n m\u00e1s escuchada en el Top Mundial de Spotify. Pero sorprende que nada de lo que quieren decir tenga que ver con l\u2026", "url": "https://www.xataka.com/magnet/como-joven-anonimo-a-coruna-llego-al-1-mundial-spotify-estrategia-detras-exito-inigo-quintero", "urlToImage": "https://i.blogs.es/a87cc3/corte-diagonal-1/840_560.jpeg", "publishedAt": "2023-10-24T16:52:41Z", "content": "\"Sue\u00f1as alto, es el poder\r\nque te han dado desde el cielo\".\r\nNo me sirven tus pocas se\u00f1ales,\r\nya nada es como antes\".\r\nSon los versos de la canci\u00f3n m\u00e1s escuchada en el Top Mundial de Spotify. Pero so\u2026 [+5243 chars]"}, {"source": {"id": null, "name": "Xataka.com"}, "author": "Albert Sanchis", "title": "Curling, cr\u00edquet, flag football\u2026 c\u00f3mo Espa\u00f1a se ha colado en el top de casi todos los deportes raros en auge", "description": "Este fin de semana el equipo espa\u00f1ol mixto de curling se alz\u00f3 con la medalla de plata en el Mundial\r\n disputado en Aberdeen (Escocia), tras perder la final contra Suecia por 8-2. Lo consegu\u00eda despu\u00e9s de haber eliminado en semifinales a Canad\u00e1, defensor del t\u00ed\u2026", "url": "https://www.xataka.com/magnet/curling-criquet-flag-football-como-espana-se-ha-colado-top-casi-todos-deportes-raros-auge", "urlToImage": "https://i.blogs.es/f8f586/corte-vertical-1-1-/840_560.jpeg", "publishedAt": "2023-10-23T14:01:00Z", "content": "Este fin de semana el equipo espa\u00f1ol mixto de curling se alz\u00f3 con la medalla de plata en el Mundial\r\n disputado en Aberdeen (Escocia), tras perder la final contra Suecia por 8-2. Lo consegu\u00eda despu\u00e9s\u2026 [+4770 chars]"}, {"source": {"id": null, "name": "Xataka.com"}, "author": "John Tones", "title": "Hay un estreno indio tan potente que ha sacado a 'The Marvels' de todas las salas IMAX de su pa\u00eds: 'Tiger 3'", "description": "12 de noviembre es la fecha de estreno de la pr\u00f3xima gran superproducci\u00f3n india: 'Tiger 3'. Est\u00e1 previsto un \u00e9xito descomunal, ya que sus protagonistas son grandes estrellas en el pa\u00eds. El problema (no para ellos, desde luego) es que su estreno casi coincide \u2026", "url": "https://www.xataka.com/cine-y-tv/hay-estreno-indio-potente-que-ha-sacado-a-the-marvels-todas-salas-imax-su-pais-tiger-3", "urlToImage": "https://i.blogs.es/5c4183/captura-de-pantalla-2023-10-26-a-las-11.13.20/840_560.jpeg", "publishedAt": "2023-10-27T08:31:27Z", "content": "12 de noviembre es la fecha de estreno de la pr\u00f3xima gran superproducci\u00f3n india: 'Tiger 3'. Est\u00e1 previsto un \u00e9xito descomunal, ya que sus protagonistas son grandes estrellas en el pa\u00eds. El problema (\u2026 [+4460 chars]"}, {"source": {"id": "abc-news", "name": "ABC News"}, "author": "ABC News", "title": "WATCH: Taylor Swift and Travis Kelce share a kiss after her Buenos Aires concert", "description": "Video shows the singer and Chiefs\u2019 tight end embracing each other after her show.", "url": "https://abcnews.go.com/GMA/Culture/video/taylor-swift-travis-kelce-share-kiss-after-buenos-104833734", "urlToImage": "https://i.abcnewsfe.com/a/5e5b97ce-aac7-4f91-9c55-a9a5d98ec763/231112_gma_digital_tswiftkelcekiss_hpMain_9x16.jpg?w=992", "publishedAt": "2023-11-12T21:41:20Z", "content": "<ul><li>Whats next for Russia? \r\n</li><li>What comes next after Texas school shooting?\r\n</li><li>What's next for abortion rights in America?\r\n</li><li>The new battle for voting rights\r\n</li><li>How w\u2026 [+2272 chars]"}, {"source": {"id": null, "name": "Artofmanliness.com"}, "author": "Brett & Kate McKay", "title": "Odds & Ends: November 3, 2023", "description": "End by Explosions in the Sky. I first discovered the instrumental rock band Explosions in the Sky from my favorite television show of all time: Friday Night Lights. I love the way their moody and atmospheric songs contain what the band calls \u201ccathartic mini-s\u2026", "url": "https://www.artofmanliness.com/odds-ends/odds-ends-november-3-2023/", "urlToImage": "https://content.artofmanliness.com/uploads/2023/01/Odds-and-Ends-no-logo-header-1.jpg", "publishedAt": "2023-11-03T19:07:02Z", "content": "End by Explosions in the Sky. I first discovered the instrumental rock band Explosions in the Sky from my favorite television show of all time: Friday Night Lights. I love the way their moody and atm\u2026 [+2554 chars]"}, {"source": {"id": null, "name": "The New Yorker"}, "author": "Talib Babb", "title": "Innovative Ways to Demand an N.B.A. Trade", "description": "If you want attention for your cause, just ask Taylor Swift for help. The Swifties will rally behind whatever she posts.", "url": "https://www.newyorker.com/humor/daily-shouts/innovative-ways-to-demand-an-nba-trade", "urlToImage": "https://media.newyorker.com/photos/65367b7a13c1e561d000bf20/16:9/w_1280,c_limit/Babb-Shouts-NBA-Trades.jpg", "publishedAt": "2023-10-23T16:06:21Z", "content": "Basketball season is upon us, after an offseason that featured multiple trade requests across the league. The traditional way of requesting to be traded in the N.B.A. is the player or his representat\u2026 [+4507 chars]"}, {"source": {"id": null, "name": "Digital Trends"}, "author": "Jason Struss", "title": "The Marvels just might be the MCU\u2019s first huge box office disaster", "description": "With The Marvels, the MCU might experience its first major box office disaster.", "url": "https://www.digitaltrends.com/movies/the-marvels-mcu-first-box-office-bomb/", "urlToImage": "https://www.digitaltrends.com/wp-content/uploads/2023/11/the-marvels-1.jpg?resize=1200%2C630&p=1", "publishedAt": "2023-11-06T15:30:05Z", "content": "Until now, \u201csuperhero fatigue\u201d was a convenient phrase to explain away multiple DCEU bombs, any Sony superhero movie not starring Tom Holland, or the odd random reboot like David Harbour\u2019s woeful Hel\u2026 [+2659 chars]"}, {"source": {"id": null, "name": "The New Yorker"}, "author": "Daniel Immerwahr", "title": "What the Doomsayers Get Wrong About Deepfakes", "description": "Experts have warned that utterly realistic A.I.-generated videos might wreak havoc through deception. What\u2019s happened is troubling in a different way.", "url": "https://www.newyorker.com/magazine/2023/11/20/a-history-of-fake-things-on-the-internet-walter-j-scheirer-book-review", "urlToImage": "https://media.newyorker.com/photos/654bf1065885e105712c01db/16:9/w_1280,c_limit/231120_r43381.jpg", "publishedAt": "2023-11-13T11:00:00Z", "content": "Theres a video of Gal Gadot having sex with her stepbrother on the internet. With that sentence, written by the journalist Samantha Cole for the tech site Motherboard in December, 2017, a queasy new \u2026 [+6120 chars]"}, {"source": {"id": null, "name": "The Atlantic"}, "author": "Isabel Fattal", "title": "A Cathartic Watch", "description": "Entertainment musts from Elizabeth Bruenig", "url": "https://www.theatlantic.com/newsletters/archive/2023/11/manchester-by-the-sea-catharsis-cultlure-recs/675980/?utm_source=feed", "urlToImage": null, "publishedAt": "2023-11-12T13:00:00Z", "content": "This is an edition of The Atlantic Daily, a newsletter that guides you through the biggest stories of the day, helps you discover new ideas, and recommends the best in culture. Sign up for it here.We\u2026 [+8044 chars]"}, {"source": {"id": null, "name": "The Atlantic"}, "author": "Spencer Kornhaber", "title": "Britney Finally Tells Her Story. It\u2019s Dark.", "description": "With her new memoir, the pop star tries to close a long and maddening chapter of her life. Will we finally let her?", "url": "https://www.theatlantic.com/culture/archive/2023/10/the-woman-in-me-britney-spears-memoir/675748/?utm_source=feed", "urlToImage": null, "publishedAt": "2023-10-24T13:47:14Z", "content": "One of the most disturbing parts of Britney Spears\u2019s story has long been the way people talk about her. As soon as the pop star was released from the legal guardianship of her father in November 2021\u2026 [+7312 chars]"}, {"source": {"id": null, "name": "The Atlantic"}, "author": "David Frum", "title": "Here\u2019s What Biden Can Do to Change His Grim Polling", "description": "The president has a popularity problem. He needs to remind Americans who he isn\u2019t.", "url": "https://www.theatlantic.com/ideas/archive/2023/11/biden-triangulate-poll-numbers/675883/?utm_source=feed", "urlToImage": null, "publishedAt": "2023-11-03T12:00:00Z", "content": "Why are President Joe Biden\u2019s poll numbers so bad?Is it because of interest rates? Inflation? Crime? The border?Is it because he\u2019s too progressive? Not progressive enough?Whatever your theory, it sho\u2026 [+11881 chars]"}, {"source": {"id": "bbc-news", "name": "BBC News"}, "author": null, "title": "Taylor Swift gets 'heavenly' welcome from Christ the Redeemer", "description": "The famous statue in Rio de Janeiro is illuminated as the global pop sensation arrives on her Eras tour.", "url": "https://www.bbc.co.uk/news/av/world-latin-america-67456426", "urlToImage": "https://ichef.bbci.co.uk/news/1024/branded_news/16AC1/production/_131756829_p0gtdhdd.jpg", "publishedAt": "2023-11-17T17:03:39Z", "content": "Rio de Janeiro's Christ the Redeemer statue has been illuminated to welcome to Taylor Swift. \r\nIt came as the global pop sensation arrived in the country for her record-breaking Eras Tour.\r\nSwift had\u2026 [+92 chars]"}, {"source": {"id": "bbc-news", "name": "BBC News"}, "author": "https://www.facebook.com/bbcnews", "title": "Taylor Swift postpones Rio de Janeiro concert after death of fan", "description": "The US pop star says she is putting safety first after temperatures in the Brazilian city reached 39.1C.", "url": "https://www.bbc.co.uk/news/world-latin-america-67465742", "urlToImage": "https://ichef.bbci.co.uk/news/1024/branded_news/0858/production/_131763120_7e1cca8ff1a41231c894b435afd723d7b530e2140_625_6000_33751000x563.jpg", "publishedAt": "2023-11-18T22:22:23Z", "content": "Taylor Swift has postponed a concert she was due to perform in Rio de Janeiro on Saturday, after a fan died shortly before her show on Friday.\r\nThe decision came as thousands of people were already a\u2026 [+2950 chars]"}, {"source": {"id": "buzzfeed", "name": "Buzzfeed"}, "author": "Julia Corrigan", "title": "16 Hilarious Fails From The Internet This Week That Will Make You Laugh So Hard You'll Be Texting This Article To Your Friends Saying \"You Have To Look At This\"", "description": "I had to include the Taylor Swift pumpkin because I have been thinking about it every day.View Entire Post \u203a", "url": "https://www.buzzfeed.com/juliacorrigan/internet-fails-from-this-week-10-30", "urlToImage": "https://img.buzzfeed.com/buzzfeed-static/static/2023-10/30/19/enhanced/61cb734033b8/original-419-1698694060-2.jpg?crop=1245:651;4,15%26downsize=1250:*", "publishedAt": "2023-10-30T20:25:23Z", "content": "Witnessed this particular scene in the cinema where a man a few seats down actually farted in terror, which ruined the film for my friend &amp; I who basically wept with silent laughter for the rest \u2026 [+69 chars]"}, {"source": {"id": "buzzfeed", "name": "Buzzfeed"}, "author": "Kristen Harris", "title": "14 Celebs Who Have Literally Offered Their Homes, Money, And Other Resources To Other Celebs", "description": "When Taylor Swift first bought her NYC penthouse in 2014, her then-close friend Karlie Kloss stayed over often enough that she essentially had her own room. It had a basket of Karlie's favorite Whole Foods snacks and pictures of her on the wall.View Entire Po\u2026", "url": "https://www.buzzfeed.com/kristenharris1/celebs-helped-famous-friends", "urlToImage": "https://img.buzzfeed.com/buzzfeed-static/static/2023-10/25/19/enhanced/fae98146dde3/original-952-1698263644-2.jpg?crop=1246:652;0,7%26downsize=1250:*", "publishedAt": "2023-10-26T16:16:02Z", "content": "She told Vanity Fair, \"So, I got a room that you could get by the hour up on Martin Luther King and Western at this place called the Snooty Fox...I just wanted to take a shower, take a little nap, wr\u2026 [+701 chars]"}, {"source": {"id": "buzzfeed", "name": "Buzzfeed"}, "author": "Ivana Peloza", "title": "Get Your Parkas Ready For December 2024 \u2013 Canadian Swifties Haven't Been Able To Focus Since Taylor Swift JUST Announced Three New Concert Dates", "description": "Step 1) Register for Verified Fan Presale on Ticketmaster. Step 2) Look at flights to Vancouver.View Entire Post \u203a", "url": "https://www.buzzfeed.com/ivanapeloza/taylor-swift-adds-three-vancouver-shows-to-the-eras-tour", "urlToImage": "https://img.buzzfeed.com/buzzfeed-static/static/2023-11/2/21/campaign_images/85466e85d9cb/canadian-swifties-this-is-not-a-drill-taylor-swif-3-963-1698961472-1_dblbig.jpg", "publishedAt": "2023-11-02T21:44:37Z", "content": "Wish us Vancouver Swifties a lot of luck, we haven't seen you here since The 1989 World Tour, so its literally been a LONG TIME COMING\r\n (@erastourticks) November 2, 2023"}, {"source": {"id": null, "name": "9to5Mac"}, "author": "Chance Miller", "title": "Taylor Swift named the Apple Music Artist of the Year: \u20182023 (Taylor\u2019s Version)\u2019", "description": "Apple has named Taylor Swift the Apple Music Artist of the Year for 2023. \u201cAcross the charts, streams, and concert stadiums filled with screaming, bracelet-wearing super fans, Swift undeniably reached a new realm of superstardom this year,\u201d Apple explains. \n\n\u2026", "url": "https://9to5mac.com/2023/11/08/taylor-swift-apple-music-artist-of-the-year/", "urlToImage": "https://i0.wp.com/9to5mac.com/wp-content/uploads/sites/6/2023/11/taylor-swift-apple-music.webp?resize=1200%2C628&quality=82&strip=all&ssl=1", "publishedAt": "2023-11-08T16:14:01Z", "content": "Apple has named Taylor Swift the Apple Music Artist of the Year for 2023. \u201cAcross the charts, streams, and concert stadiums filled with screaming, bracelet-wearing super fans, Swift undeniably reache\u2026 [+2480 chars]"}, {"source": {"id": null, "name": "9to5Mac"}, "author": "Michael Potuck", "title": "Apple Arcade Guide: Everything that\u2019s available [New: Football Manager 2024 Touch]", "description": "Apple Arcade\u00a0launched with close to 100 titles and the service is seeing new games added regularly with over 200 games now in the library. Follow along with our guide on all the available Apple Arcade games plus the latest releases.\n\n\n\n more\u2026", "url": "https://9to5mac.com/2023/11/07/apple-arcade-games/", "urlToImage": "https://i0.wp.com/9to5mac.com/wp-content/uploads/sites/6/2023/11/football-manager-touch-aa.webp?resize=1200%2C628&quality=82&strip=all&ssl=1", "publishedAt": "2023-11-07T14:09:00Z", "content": "Apple Arcade\u00a0launched with close to 100 titles and the service is seeing new games added regularly with over 200 games now in the library. Follow along with our guide on all the available Apple Arcad\u2026 [+101767 chars]"}, {"source": {"id": null, "name": "9to5Mac"}, "author": "Michael Potuck", "title": "Apple Arcade Guide: Everything that\u2019s available [New: Knowords+]", "description": "Apple Arcade\u00a0launched with close to 100 titles and the service is seeing new games added regularly with over 200 games now in the library. Follow along with our guide on all the available Apple Arcade games plus the latest releases.\n\n\n\n more\u2026", "url": "https://9to5mac.com/2023/11/03/apple-arcade-games/", "urlToImage": "https://i0.wp.com/9to5mac.com/wp-content/uploads/sites/6/2023/10/apple-arcade-knotwords.webp?resize=1200%2C628&quality=82&strip=all&ssl=1", "publishedAt": "2023-11-03T13:58:00Z", "content": "Apple Arcade\u00a0launched with close to 100 titles and the service is seeing new games added regularly with over 200 games now in the library. Follow along with our guide on all the available Apple Arcad\u2026 [+101107 chars]"}, {"source": {"id": null, "name": "9to5Mac"}, "author": "Michael Potuck", "title": "Apple Arcade Guide: Everything that\u2019s available [New: NBA 2K24]", "description": "Apple Arcade\u00a0launched with close to 100 titles and the service is seeing new games added regularly with over 200 games now in the library. Follow along with our guide on all the available Apple Arcade games plus the latest releases.\n\n\n\n more\u2026", "url": "https://9to5mac.com/2023/10/27/apple-arcade-games/", "urlToImage": "https://i0.wp.com/9to5mac.com/wp-content/uploads/sites/6/2023/10/apple-arcade-nba-2k24.webp?resize=1200%2C628&quality=82&strip=all&ssl=1", "publishedAt": "2023-10-27T13:34:00Z", "content": "Apple Arcade\u00a0launched with close to 100 titles and the service is seeing new games added regularly with over 200 games now in the library. Follow along with our guide on all the available Apple Arcad\u2026 [+100597 chars]"}, {"source": {"id": null, "name": "9to5Mac"}, "author": "Michael Potuck", "title": "Apple Arcade Guide: This week\u2019s release plus everything that\u2019s available", "description": "Apple Arcade\u00a0launched with close to 100 titles and the service is seeing new games added regularly with over 200 games now in the library. Follow along with our guide on all the available Apple Arcade games plus the latest releases.\n\n\n\n more\u2026", "url": "https://9to5mac.com/2023/11/17/apple-arcade-games/", "urlToImage": "https://i0.wp.com/9to5mac.com/wp-content/uploads/sites/6/2023/05/apple-arcade-announces-20-new-games.jpg?resize=1200%2C628&quality=82&strip=all&ssl=1", "publishedAt": "2023-11-17T15:32:00Z", "content": "Apple Arcade\u00a0launched with close to 100 titles and the service is seeing new games added regularly with over 200 games now in the library. Follow along with our guide on all the available Apple Arcad\u2026 [+102438 chars]"}, {"source": {"id": null, "name": "Android Police"}, "author": "Luke Filipowicz", "title": "Eagles vs Chiefs livestream: How to watch NFL Week 11 action", "description": "Kelce vs. Kelce showdown for the first time since last year's Super Bowl!", "url": "https://www.androidpolice.com/eagles-vs-chiefs-livestream/", "urlToImage": "https://static1.anpoimages.com/wordpress/wp-content/uploads/2023/11/eagles-vs-chiefs-how-to-watch.jpg", "publishedAt": "2023-11-20T22:16:17Z", "content": "We're past the halfway mark of the NFL season, and what better way to end Week 11 than with a showdown between the Kelce brothers? That's right, on Monday the Philadelphia Eagles (8-1) visit the Kans\u2026 [+2429 chars]"}, {"source": {"id": null, "name": "Scientific American"}, "author": "Meghan Bartels", "title": "Birds Named after People Will Get New English Names", "description": "Standard English names for North American birds will now focus on the animals rather than people", "url": "https://www.scientificamerican.com/article/birds-named-after-people-will-get-new-english-names/", "urlToImage": "https://static.scientificamerican.com/sciam/cache/file/A64FE359-EFB4-48B7-B06D323B9C165329.jpg", "publishedAt": "2023-11-07T11:45:00Z", "content": "To J. Drew Lanham, a conservation and cultural ornithologist at Clemson University and a lifelong birder, the little brown bird officially called Bachman\u2019s Sparrow has long been the pinewoods sparrow\u2026 [+5777 chars]"}, {"source": {"id": null, "name": "AppleInsider"}, "author": "news@appleinsider.com (Amber Neely)", "title": "Apple Music celebrates Taylor Swift as the Artist of the Year for 2023", "description": "Taylor Swift has been named Apple Music's 2023 Artist of the Year, setting record-breaking milestones and receiving the prestigious Apple Music Award.Throughout the year, Swift achieved remarkable feats such as chart-topping songs, massive streaming numbers, \u2026", "url": "https://appleinsider.com/articles/23/11/08/apple-music-celebrates-taylor-swift-as-the-artist-of-the-year-for-2023", "urlToImage": "https://photos5.appleinsider.com/gallery/57194-116307-music-awards-xl.jpg", "publishedAt": "2023-11-08T16:30:29Z", "content": "Taylor Swift has been named Apple Music's 2023 Artist of the Year, setting record-breaking milestones and receiving the prestigious Apple Music Award.\r\nThroughout the year, Swift achieved remarkable \u2026 [+2432 chars]"}, {"source": {"id": null, "name": "Theonion.com"}, "author": "The Ellen Show", "title": "Report: Taylor Swift\u2019s Parents Dating Travis Kelce\u2019s Parents", "description": "NASHVILLE, TN\u2014In the latest relationship development that fans of the power couple called \u201cadorable,\u201d sources confirmed Thursday that Taylor Swift and Travis Kelce\u2019s parents were dating. \u201cAndrea, Scott, Donna, and Ed are all absolutely smitten with each other\u2026", "url": "https://www.theonion.com/report-taylor-swift-s-parents-dating-travis-kelce-s-pa-1851028517", "urlToImage": "https://i.kinja-img.com/image/upload/c_fill,h_675,pg_1,q_80,w_1200/f9c9e74c49225d0dcf91ee25a5109831.jpg", "publishedAt": "2023-11-16T19:00:00Z", "content": "NASHVILLE, TNIn the latest relationship development that fans of the power couple called adorable, sources confirmed Thursday that Taylor Swift and Travis Kelces parents were dating. Andrea, Scott, D\u2026 [+640 chars]"}, {"source": {"id": null, "name": "Theonion.com"}, "author": "paul buffano", "title": "Dust Settles To Find Mike Johnson Named Speaker, President, Pope, Supreme Court Justice, U.N. Secretary General, Dalai Lama, Conductor Of The Vienna Philharmonic", "description": "WASHINGTON\u2014Following weeks of uncertainty as a leaderless U.S. House of Representatives failed to reach a consensus, the dust finally settled Wednesday as Mike Johnson was officially named house speaker, president, pope, supreme court justice, U.N. secretary \u2026", "url": "https://www.theonion.com/dust-settles-to-find-mike-johnson-named-speaker-presid-1850963855", "urlToImage": "https://i.kinja-img.com/image/upload/c_fill,h_675,pg_1,q_80,w_1200/3fefc338c8cbd1dc5d71abb2e5eee577.png", "publishedAt": "2023-10-26T19:22:00Z", "content": "WASHINGTONFollowing weeks of uncertainty as a leaderless U.S. House of Representatives failed to reach a consensus, the dust finally settled Wednesday as Mike Johnson was officially named house speak\u2026 [+1838 chars]"}, {"source": {"id": null, "name": "Windows Central"}, "author": "Jennifer Young", "title": "This Spotify hack transformed my music \u2014 thanks to Taylor Swift", "description": "In the world of music streaming, every note and nuance counts. And thanks to Taylor Swift, indirectly, I've found a hidden setting that you need to turn OFF to have the best experience with your music on Spotify.", "url": "https://www.windowscentral.com/software-apps/this-spotify-hack-transformed-my-music-thanks-to-taylor-swift", "urlToImage": "https://cdn.mos.cms.futurecdn.net/kpbHKystfGQCefdobcAEfN-1200-80.jpg", "publishedAt": "2023-10-27T16:15:04Z", "content": "I love Spotify, so much so that I'd take my subscription to the grave, and it's even more cherished than my Xbox Game Pass subscription. Despite being a daily Spotify user for the past 15 years, I've\u2026 [+3406 chars]"}, {"source": {"id": null, "name": "Science Daily"}, "author": null, "title": "New techniques efficiently accelerate sparse tensors for massive AI models", "description": "New computational techniques, 'HighLight' and 'Tailors and Swiftiles,' could dramatically boost the speed and performance of high-performance computing applications like graph analytics or generative AI. The work, from MIT and NIVIDIA, aims to accelerate spar\u2026", "url": "https://www.sciencedaily.com/releases/2023/10/231031161915.htm", "urlToImage": "https://www.sciencedaily.com/images/scidaily-icon.png", "publishedAt": "2023-10-31T20:19:15Z", "content": "Researchers from MIT and NVIDIA have developed two techniques that accelerate the processing of sparse tensors, a type of data structure that's used for high-performance computing tasks. The compleme\u2026 [+8615 chars]"}, {"source": {"id": null, "name": "Flowingdata.com"}, "author": "Nathan Yau", "title": "Taylor Swift earnings visualized with bracelet beads", "description": "Bloomberg estimates that Taylor Swift reached billionaire status with her recent touring and music releases. Swift achieved the milestone mostly with music. Bloomberg provides the visual splits wit\u2026", "url": "https://flowingdata.com/2023/10/30/taylor-swift-earnings-visualized-with-bracelet-beads/", "urlToImage": "https://flowingdata.com/wp-content/uploads/2023/10/Taylor-Swift-billionaire.png", "publishedAt": "2023-10-30T09:43:48Z", "content": "Age and Occupation\r\nWhether its because of experience, physical ability, or education level, some jobs tend towards a certain age of worker more than others."}, {"source": {"id": null, "name": "Journal du geek"}, "author": "Olivier", "title": "Killers of the Flower Moon\u00a0: vers un flop au box office", "description": "Malgr\u00e9 un casting prestigieux avec Leonardo DiCaprio et Robert De Niro, et la r\u00e9alisation inspir\u00e9e de Martin Scorsese, le film Killers of the Flower Moon conna\u00eet des hauts et des bas au box-office. \nKillers of the Flower Moon\u00a0: vers un flop au box office", "url": "https://www.journaldugeek.com/2023/11/04/killers-of-the-flower-moon-vers-un-flop-au-box-office/", "urlToImage": "https://www.journaldugeek.com/content/uploads/2023/11/killers-flower-moon.jpg", "publishedAt": "2023-11-04T10:00:12Z", "content": "Malgr\u00e9 un casting prestigieux avec Leonardo DiCaprio et Robert De Niro, et la r\u00e9alisation inspir\u00e9e de Martin Scorsese, le film Killers of the Flower Moon conna\u00eet des hauts et des bas au box-office.Ki\u2026 [+2555 chars]"}, {"source": {"id": null, "name": "Search Engine Journal"}, "author": "Ryan Jones", "title": "SEO Is Down, Help! A Guide To Diagnosing SEO Traffic Drops via @sejournal, @RyanJones", "description": "Discover why your SEO traffic is plummeting month by month. Explore essential diagnostic steps to recover lost rankings and satisfy anxious clients.\nThe post SEO Is Down, Help! A Guide To Diagnosing SEO Traffic Drops appeared first on Search Engine Journal.", "url": "https://www.searchenginejournal.com/a-guide-to-diagnosing-seo-traffic-drops/498110/", "urlToImage": "https://www.searchenginejournal.com/wp-content/uploads/2023/10/seo-traffic-drop-6524ff04f24ff-sej.png", "publishedAt": "2023-11-10T09:15:17Z", "content": "Today\u2019s Ask an SEO question is a common one, both from SEO pros and from clients.\r\nI\u2019m going to focus more on the first part: What causedi my traffic to drop month over month?\r\nHere\u2019s the full questi\u2026 [+7305 chars]"}, {"source": {"id": null, "name": "Pitchfork"}, "author": "Hattie Lindert", "title": "Boygenius, Olivia Rodrigo, and Miley Cyrus Nominated for Record of the Year at 2024 Grammys", "description": "SZA, Taylor Swift, Billie Eilish, Victoria Mon\u00e9t, and Jon Batiste are also up for the award", "url": "https://pitchfork.com/news/boygenius-olivia-rodrigo-and-miley-cyrus-nominated-for-record-of-the-year-at-2024-grammys/", "urlToImage": "https://media.pitchfork.com/photos/654db0f656664895b471b3c6/16:9/w_1280,c_limit/Boygenius%20Olivia%20Rodrigo%20Miley%20Cyrus.jpg", "publishedAt": "2023-11-10T16:15:49Z", "content": "The 2024 Grammys are approaching, and Boygenius, Olivia Rodrigo, and Miley Cyrus have all received nominations for Record of the Year. SZA, Taylor Swift, Billie Eilish, Victoria Mon\u00e9t, and Jon Batist\u2026 [+1074 chars]"}, {"source": {"id": null, "name": "Pitchfork"}, "author": "Hattie Lindert", "title": "Billie Eilish, Dua Lipa, and SZA Nominated for Song of the Year at 2024 Grammys", "description": "Taylor Swift, Olivia Rodrigo, Lana Del Rey, Jon Batiste, and Miley Cyrus round out the nominees this year", "url": "https://pitchfork.com/news/billie-eilish-dua-lipa-and-sza-nominated-for-song-of-the-year-at-2024-grammys/", "urlToImage": "https://media.pitchfork.com/photos/654d94b47d076cc8e88c5d5f/16:9/w_1280,c_limit/Billie%20Eilish%20Dua%20Lipa%20SZA.jpg", "publishedAt": "2023-11-10T16:09:55Z", "content": "The 2024 Grammy Award nominations were announced today, and Billie Eilish, Dua Lipa, SZA, and Taylor Swift are all up for Song of the Year. Olivia Rodrigo, Lana Del Rey, Jon Batiste, and Miley Cyrus \u2026 [+991 chars]"}, {"source": {"id": null, "name": "Pitchfork"}, "author": "Jazz Monroe", "title": "Jack Antonoff Chats, Bleachers Perform \u201cModern Girl\u201d on Fallon: Watch", "description": "As well as giving the single its TV debut, Antonoff discussed working with Taylor Swift and made an impromptu song with Jimmy Fallon", "url": "https://pitchfork.com/news/jack-antonoff-chats-bleachers-perform-modern-girl-on-fallon-watch/", "urlToImage": "https://media.pitchfork.com/photos/65439634e9163609d8bc9208/16:9/w_1280,c_limit/Bleachers-Jack-Antonoff-FALLON-2023.jpg", "publishedAt": "2023-11-02T13:15:22Z", "content": "Jack Antonoff was a guest on last nights episode of The Tonight Show Starring Jimmy Fallon. The producer, songwriter, and Bleachers frontman sat down to discuss writing with Taylor Swift and the . He\u2026 [+404 chars]"}, {"source": {"id": null, "name": "Pitchfork"}, "author": "Matthew Strauss", "title": "Kendrick Lamar and Taylor Swift Re-Record \u201cBad Blood\u201d for 1989 (Taylor\u2019s Version): Listen", "description": "\u201cWatching [Kendrick Lamar] create and record his verses on the Bad Blood remix was one of the most inspiring experiences of my life,\u201d Swift gushed", "url": "https://pitchfork.com/news/kendrick-lamar-and-taylor-swift-re-record-bad-blood-for-1989-taylors-version-listen/", "urlToImage": "https://media.pitchfork.com/photos/653bd83e83f8703158587769/16:9/w_1280,c_limit/Taylor-Swift-Kendrick-Lamar.jpg", "publishedAt": "2023-10-27T15:44:18Z", "content": "Taylor Swifts 1989 (Taylors Version) is out today, and the deluxe edition of the album concludes with a special bonus track: a re-recorded version of the Bad Blood remix, featuring Kendrick Lamar. Wa\u2026 [+1434 chars]"}, {"source": {"id": null, "name": "Pitchfork"}, "author": "Evan Minsker", "title": "9 New Albums You Should Listen to Now: Taylor Swift, Sofia Kourtesis, and More", "description": "Stream new releases from Taylor Swift, Sofia Kourtesis, the Mountain Goats, Ragana, Shabazz Palaces, Murda Beatz & Shordie Shordie, Ryan Davis & the Roadhouse Band, Mar\u00eda Jos\u00e9 Llergo, and New Age Doom & Tuvaband", "url": "https://pitchfork.com/news/9-new-albums-you-should-listen-to-now-taylor-swift-sofia-kourtesis/", "urlToImage": "https://media.pitchfork.com/photos/653a80b366b57152ef9a7116/16:9/w_1280,c_limit/Taylor-Swift.jpg", "publishedAt": "2023-10-27T12:38:32Z", "content": "With so much good music being released all the time, it can be hard to determine what to listen to first. Every week, Pitchfork offers a run-down of significant new releases available on streaming se\u2026 [+1122 chars]"}, {"source": {"id": null, "name": "Pitchfork"}, "author": "Pitchfork", "title": "Taylor Swift, Brent Faiyaz, Silvana Estrada, and More: This Week\u2019s Pitchfork Selects Playlist", "description": "Our weekly playlist highlights songs that our writers, editors, and contributors are listening to on repeat", "url": "https://pitchfork.com/news/taylor-swift-brent-faiyaz-silvana-estrada-this-week-pitchfork-selects-playlist/", "urlToImage": "https://media.pitchfork.com/photos/653c14f2ba11523c201b6276/16:9/w_1280,c_limit/selects-oct-halftone_10-30%20header.png", "publishedAt": "2023-10-30T12:55:43Z", "content": "The staff of Pitchfork listens to a lot of new music. A lot of it. On any given day our writers, editors, and contributors go through an imposing number of new releases, giving recommendations to eac\u2026 [+1075 chars]"}, {"source": {"id": null, "name": "Pitchfork"}, "author": "Evan Minsker", "title": "Taylor Swift Lands Biggest Sales Week of Her Career With 1989 (Taylor\u2019s Version)", "description": "The album\u2019s No. 1 debut on the Billboard 200 is the best an album has done in sales subce Adele\u2019s 25", "url": "https://pitchfork.com/news/taylor-swift-lands-biggest-sales-week-of-her-career-with-1989-taylors-version/", "urlToImage": "https://media.pitchfork.com/photos/6547fbb8c1dfc8098dc9890b/16:9/w_1280,c_limit/taylor-swift.jpg", "publishedAt": "2023-11-05T20:32:46Z", "content": "Taylor Swift, who has had 13 albums debut at No. 1 since 2008s Fearless, once again has the No. 1 album in America with the release of 1989 (Taylors Version). Its also her biggest sales week ever, wi\u2026 [+648 chars]"}, {"source": {"id": null, "name": "Pitchfork"}, "author": "Nina Corcoran", "title": "Taylor Swift Fan Dies at Rio de Janeiro Concert During Heat Wave", "description": "The pop star stopped the show twice to ask the venue to hand out more water, at times taking it upon herself to throw bottles to fans", "url": "https://pitchfork.com/news/taylor-swift-fan-dies-at-rio-de-janeiro-concert-during-heat-wave/", "urlToImage": "https://media.pitchfork.com/photos/6558d75961d0f7acf5b00e77/16:9/w_1280,c_limit/Screen%20Shot%202023-11-18%20at%2010.24.25%20AM.png", "publishedAt": "2023-11-18T15:27:29Z", "content": "Ana Clara Benevides, a 23-year-old fan and psychology student, died at Taylor Swifts Rio de Janeiro concert at Est\u00e1dio Nilton Santos last night (November 17) during a record-breaking heat wave, repor\u2026 [+2281 chars]"}, {"source": {"id": null, "name": "Pitchfork"}, "author": "Evan Minsker", "title": "Grammy Nominations 2024: Taylor Swift, SZA, Phoebe Bridgers, and Victoria Mon\u00e9t Lead Nominees", "description": "Billie Eilish, Olivia Rodrigo, and Miley Cyrus also netted multiple nominations this year", "url": "https://pitchfork.com/news/grammy-nominations-2024-taylor-swift-sza-phoebe-bridgers-and-victoria-monet-lead-nominees/", "urlToImage": "https://media.pitchfork.com/photos/654dc66b56664895b471b3ca/16:9/w_1280,c_limit/taylor-swift-sza-phoebe-bridgers-victoria-monet.jpg", "publishedAt": "2023-11-10T16:19:51Z", "content": "The nominees for the 2024 Grammy Awards have been announced. SZA landed the most nominations this year with nine total. Shes followed by Victoria Mon\u00e9t and producer Serban Ghenea, who each have seven\u2026 [+2188 chars]"}, {"source": {"id": null, "name": "Pitchfork"}, "author": "Nina Corcoran", "title": "Taylor Swift Earns 10th No. 1 Song With \u201cCruel Summer,\u201d Reaches Singles Chart Milestone", "description": "She\u2019s tied with Stevie Wonder and Janet Jackson for ninth place for the most No. 1 songs on the Billboard Hot 100", "url": "https://pitchfork.com/news/taylor-swift-earns-10th-no-1-song-with-cruel-summer-reaches-singles-chart-milestone/", "urlToImage": "https://media.pitchfork.com/photos/6536ff9697508fa5f2f7b27b/16:9/w_1280,c_limit/GettyImages-1637208780.jpg", "publishedAt": "2023-10-23T23:23:30Z", "content": "Taylor Swift has landed her 10th No. 1 song on the Billboard Hot 100 chart with Cruel Summer. With that, shes now tied with Stevie Wonder and Janet Jackson for ninth place for the most No. 1 songs on\u2026 [+1261 chars]"}, {"source": {"id": null, "name": "Pitchfork"}, "author": "Madison Bloom", "title": "Taylor Swift, SZA, and Lana Del Rey Nominated for Album of the Year at the 2024 Grammys", "description": "Also in the running are Olivia Rodrigo, Boygenius, Janelle Mona\u0301e, Miley Cyrus, and Jon Batiste", "url": "https://pitchfork.com/news/taylor-swift-sza-and-lana-del-rey-nominated-for-album-of-the-year-at-the-2024-grammys/", "urlToImage": "https://media.pitchfork.com/photos/654e51077d076cc8e88c5d96/16:9/w_1280,c_limit/Taylor%20Swift,%20SZA,%20Lana%20Del%20Rey.jpg", "publishedAt": "2023-11-10T16:16:29Z", "content": "The nominees for the 2024 Grammy Award for Album of the Year have all been revealed. Taylor Swifts Midnights will compete against SZAs highly-anticipated LP SOS, Lana Del Reys latest Did You Know Tha\u2026 [+1747 chars]"}, {"source": {"id": null, "name": "Pitchfork"}, "author": "Pitchfork", "title": "Ice Spice, Victoria Mon\u00e9t, and Fred Again.. Nominated for Best New Artist at the 2024 Grammys", "description": "They were nominated alongside Jelly Roll, Noah Kahan, Coco Jones, Gracie Abrams, and more", "url": "https://pitchfork.com/news/ice-spice-victoria-monet-fred-again-nominated-for-best-new-artist-at-the-2024-grammys/", "urlToImage": "https://media.pitchfork.com/photos/654dc30f6bcc61b89ddd42b5/16:9/w_1280,c_limit/victoria-monet-ice-spice-fred-again.jpg", "publishedAt": "2023-11-10T16:10:25Z", "content": "Ice Spice, Victoria Mon\u00e9t, and Fred Again.. are among the nominees for Best New Artist at the 2024 Grammy Awards. Theyre nominated alongside Jelly Roll, Noah Kahan, Coco Jones, Gracie Abrams, and the\u2026 [+673 chars]"}, {"source": {"id": null, "name": "GameSpot"}, "author": "Luis Joshua Gutierrez", "title": "Warner Bros Slightly Delays Aquaman 2", "description": "Warner Bros. recently changed the release date for a lot of its movies set to release in the coming months. Some of these include DC's Aquaman and the Lost Kingdom, but don't worry because it's only been pushed back a few days.According to Variety, Aquaman 2 \u2026", "url": "https://www.gamespot.com/articles/warner-bros-slightly-delays-aquaman-2/1100-6518748/", "urlToImage": "https://www.gamespot.com/a/uploads/screen_kubrick/1746/17463818/4213052-4129923-aquaman2cinamacontraileramberheard.jpg", "publishedAt": "2023-10-27T23:02:00Z", "content": "Warner Bros. recently changed the release date for a lot of its movies set to release in the coming months. Some of these include DC's Aquaman and the Lost Kingdom, but don't worry because it's only \u2026 [+1160 chars]"}, {"source": {"id": null, "name": "GameSpot"}, "author": "Evan Campbell", "title": "Five Nights At Freddy's Movie Opens Massive, Breaks Box Office Records", "description": "Lackluster reviews and streaming day-and-date on Peacock didn't stop Five Nights at Freddy's from having a record-breaking weekend at the box office. The PG-13 horror movie--based on the video game franchise that debuted in 2014--premiered with the biggest Bl\u2026", "url": "https://www.gamespot.com/articles/five-nights-at-freddys-movie-opens-massive-breaks-box-office-records/1100-6518755/", "urlToImage": "https://www.gamespot.com/a/uploads/screen_kubrick/1813/18138562/4211191-fnafmovie.png", "publishedAt": "2023-10-30T15:13:00Z", "content": "Lackluster reviews and streaming day-and-date on Peacock didn't stop Five Nights at Freddy's from having a record-breaking weekend at the box office. The PG-13 horror movie--based on the video game f\u2026 [+1443 chars]"}, {"source": {"id": null, "name": "GameSpot"}, "author": "Eddie Makuch", "title": "Marvel Movies Deadpool 3, Captain America 4, Thunderbolts, And Blade Delayed", "description": "Marvel Studios has announced a number of delays for its upcoming movie slate, led by Deadpool 3 slipping from May 3, 2024 to July 26, 2024, according to Variety.Marvel also delayed Captain America: Brave New World, which was slated for July 26, 2024 and is no\u2026", "url": "https://www.gamespot.com/articles/marvel-movies-deadpool-3-captain-america-4-thunderbolts-and-blade-delayed/1100-6519112/", "urlToImage": "https://www.gamespot.com/a/uploads/screen_kubrick/1179/11799911/4219737-deadpool1large.jpeg", "publishedAt": "2023-11-13T16:01:00Z", "content": "Marvel Studios has announced a number of delays for its upcoming movie slate, led by Deadpool 3 slipping from May 3, 2024 to July 26, 2024, according to Variety.\r\nMarvel also delayed Captain America:\u2026 [+2397 chars]"}, {"source": {"id": null, "name": "XDA Developers"}, "author": "Ben Sin", "title": "Samsung Galaxy Buds FE review: Mid-range earbuds finally worthy of the fan label", "description": "This is the first Samsung Fan Edition product that doesn\u2019t feel severely watered down", "url": "https://www.xda-developers.com/samsung-galaxy-buds-fe-review/", "urlToImage": "https://static1.xdaimages.com/wordpress/wp-content/uploads/2023/10/galaxy-buds-fe-review-xda-galaxybudsfe07910.jpg", "publishedAt": "2023-11-05T14:00:19Z", "content": "Confession time: I haven't been a fan of Samsung's \"Fan Edition\" (FE) lineup of mid-range products. I've always been a flagship guy, so these products aren't really for me, but even when I detach my \u2026 [+8118 chars]"}, {"source": {"id": null, "name": "The A.V. Club"}, "author": "William Hughes", "title": "Taylor Swift defeats Taylor Swift, also everybody else, with sales for 1989 (Taylor's Version)", "description": "Taylor Swift has now officially beaten pretty much the only person on the planet giving her a real fight for pop music dominance at the moment: Herself. This is per Deadline, reporting on the first serious sales numbers for Swift\u2019s latest release, the (Taylor\u2026", "url": "https://www.avclub.com/1989-taylors-version-outsells-original-1850993918", "urlToImage": "https://i.kinja-img.com/image/upload/c_fill,h_675,pg_1,q_80,w_1200/7da45d19333fc456838bcb0c7f65638a.jpg", "publishedAt": "2023-11-05T22:41:00Z", "content": "Taylor Swift has now officially beaten pretty much the only person on the planet giving her a real fight for pop music dominance at the moment: Herself. This is per Deadline, reporting on the first s\u2026 [+1545 chars]"}]}