{"status": "ok", "totalResults": 9298, "articles": [{"source": {"id": "bbc-news", "name": "BBC News"}, "author": null, "title": "Taylor Swift appears out of breath at Rio concert", "description": "Video showed the singer gasping for air in between songs during her performance in the stifling heat.", "url": "https://www.bbc.co.uk/news/av/world-latin-america-67469778", "urlToImage": "https://ichef.bbci.co.uk/news/1024/branded_news/B906/production/_131766374_p0gtp3gm.jpg", "publishedAt": "2023-11-19T17:32:26Z", "content": "Taylor Swift appeared to be struggling to breathe during a concert in Rio de Janeiro, Brazil, on Friday in the middle of a heatwave.\r\nThe star ended up postponing the concert she was due to perform o\u2026 [+524 chars]"}, {"source": {"id": "bbc-news", "name": "BBC News"}, "author": null, "title": "Taylor Swift and Barbie take over this Halloween", "description": "From Utah to Massachusetts, pop culture references have turned this year\u2019s spooky season pink.", "url": "https://www.bbc.co.uk/news/av/world-us-canada-67280152", "urlToImage": "https://ichef.bbci.co.uk/news/1024/branded_news/15642/production/_131581678_p0gpynz8.jpg", "publishedAt": "2023-10-31T18:18:04Z", "content": "Bullet holes, gutted rooms: Inside destroyed Kibbutz house. Video, 00:00:52Bullet holes, gutted rooms: Inside destroyed Kibbutz house"}, {"source": {"id": "engadget", "name": "Engadget"}, "author": "Kris Holt", "title": "Apple HomePods now have native YouTube Music support", "description": "The Venn diagram of HomePod\r\n owners and YouTube Music\r\n subscribers probably doesn't have a lot of overlap. However, those who use both Apple's speakers and Google's music streaming service may be pleased to learn that the two now play more nicely together. \u2026", "url": "https://www.engadget.com/apple-homepods-now-have-native-youtube-music-support-180428371.html", "urlToImage": "https://s.yimg.com/ny/api/res/1.2/xqllV5.FFNDDCOxn0hErUg--/YXBwaWQ9aGlnaGxhbmRlcjt3PTEyMDA7aD04MDA-/https://s.yimg.com/os/creatr-uploaded-images/2023-01/61b75040-a107-11ed-a7be-7ad5419077a5", "publishedAt": "2023-10-23T18:04:28Z", "content": "The Venn diagram of HomePod\r\n owners and YouTube Music\r\n subscribers probably doesn't have a lot of overlap. However, those who use both Apple's speakers and Google's music streaming service may be p\u2026 [+1487 chars]"}, {"source": {"id": null, "name": "MacRumors"}, "author": "Joe Rossignol", "title": "Taylor Swift Named Apple Music's Artist of the Year", "description": "Apple today announced that Taylor Swift has been named Apple Music's Artist of the Year for 2023 after reaching \"a new realm of superstardom this year.\"\n\n\n\n\n\nSwift released a new album last month called 1989 (Taylor's Version), and she has been on tour this y\u2026", "url": "https://www.macrumors.com/2023/11/08/taylor-swift-apple-musics-artist-of-the-year/", "urlToImage": "https://images.macrumors.com/t/C5OZN-0GsggHmX82fe6HNVV85n0=/1960x/article-new/2023/11/Taylor-Swift-2023-Apple-Music-Artist-of-Year.jpg", "publishedAt": "2023-11-08T16:15:03Z", "content": "Apple today announced that Taylor Swift has been named Apple Music's Artist of the Year for 2023 after reaching \"a new realm of superstardom this year.\"\r\nSwift released a new album last month called \u2026 [+1018 chars]"}, {"source": {"id": "business-insider", "name": "Business Insider"}, "author": "Taylor Berman", "title": "Biden turns 81, pardons turkeys, confuses Taylor Swift with Britney Spears", "description": "\"That's a big bird, man. I'm impressed\" Biden said during the ceremony where he confused Britney Spears and Taylor Swift.", "url": "https://www.businessinsider.com/biden-turns-81-pardons-turkeys-confuses-taylor-swift-britney-spears-2023-11", "urlToImage": "https://i.insider.com/655bade122cf74a5739a479e?width=1200&format=jpeg", "publishedAt": "2023-11-20T19:15:27Z", "content": "Win McNamee/Getty Images\r\n<ul><li>Biden turned 81 on Monday.</li><li>He also pardoned two turkeys on Monday.</li><li>And he confused Britney Spears for Taylor Swift.</li></ul>On Monday, President Joe\u2026 [+1240 chars]"}, {"source": {"id": "business-insider", "name": "Business Insider"}, "author": "mberg@insider.com (Madeline Berg)", "title": "There's one thing Taylor Swift isn't talking about", "description": "Taylor Swift is a billionaire after her Eras Tour and movie boosted her 2023 net worth. The pop star's brand benefits from her downplaying her wealth.", "url": "https://www.businessinsider.com/taylor-swift-billionaire-downplay-net-worth-brand-2023-11", "urlToImage": "https://i.insider.com/6541351e356802a56be8b95b?width=1200&format=jpeg", "publishedAt": "2023-11-01T09:24:01Z", "content": "One look at Taylor Swift's Instagram profile and you know she's had a great few months: There are pictures of her latest rerelease, \"1989\"; snaps from the red carpet movie premiere for \"Taylor Swift:\u2026 [+3331 chars]"}, {"source": {"id": "business-insider", "name": "Business Insider"}, "author": "Matthew Fox", "title": "A Taylor Swift song is the best investment advice for 2024, Goldman Sachs says", "description": "This isn't the first time Taylor Swift has occupied the head space of Wall Street forecasters and economists this year.", "url": "https://markets.businessinsider.com/news/stocks/taylor-swift-song-best-2024-investment-advice-stock-market-outlook-2023-11", "urlToImage": "https://i.insider.com/6554da3e4ca513d82429bcbb?width=1200&format=jpeg", "publishedAt": "2023-11-15T15:39:00Z", "content": "Taylor Swift at the 2023 Grammy Awards.Jordan Strauss/Invision/AP\r\n<ul><li>Goldman Sachs recommended investors channel their inner Taylor Swift when planning for 2024.</li><li>The bank said investors\u2026 [+2953 chars]"}, {"source": {"id": "bbc-news", "name": "BBC News"}, "author": "https://www.facebook.com/bbcnews", "title": "Brazil records its hottest ever temperature", "description": "The town of Ara\u00e7ua\u00ed in the country's southeast hit a high of 44.8C (112.6F) on Sunday.", "url": "https://www.bbc.co.uk/news/world-latin-america-67482423", "urlToImage": "https://ichef.bbci.co.uk/news/1024/branded_news/50C5/production/_131777602_c2506baa724e9a09e7e59a340ef3fdd0e2b0da7f-1.jpg", "publishedAt": "2023-11-21T06:10:44Z", "content": "Brazil has recorded its hottest ever temperature - 44.8C (112.6F) - as parts of the country endure a stifling heatwave.\r\nThe record was hit on Sunday in the town of Ara\u00e7ua\u00ed, in Brazil's south-eastern\u2026 [+1672 chars]"}, {"source": {"id": "business-insider", "name": "Business Insider"}, "author": "Dan Latu", "title": "A Taylor Swift Airbnb is a bachelorette dream home where megafans can bask in her \"Eras\" for up to $1,400 a night", "description": "You can rent this Taylor Swift Airbnb in Scottsdale, Arizona. Each room is devoted to a different era, from \"Reputation\" to \"Lover\" to \"Folklore.\"", "url": "https://www.businessinsider.com/taylor-swift-airbnb-eras-1989-lover-reputation-folklore-evermore-2023-11", "urlToImage": "https://i.insider.com/65424f6136d588dc55c7b7c2?width=1200&format=jpeg", "publishedAt": "2023-11-01T15:29:50Z", "content": "The living area of Kelly Straka's Taylor Swift-themed Arizona Airbnb.Courtesy of Kelly Straka\r\n<ul>\n<li>An Arizona Airbnb with rooms themed around Taylor Swift's different \"Eras\" is welcoming guests \u2026 [+5030 chars]"}, {"source": {"id": null, "name": "Lifehacker.com"}, "author": "Stephen Johnson", "title": "The Out-of-Touch Adults\u2019 Guide to Kid Culture: Gen Z Goes to Work, Finds It Time-Consuming", "description": "This week, the whole internet is talking about one young woman\u2019s journey into career disillusionment\u2014specifically, her shocking discovery (shared via TikTok) that having a job cuts into your personal time in a major way. Meanwhile, youth in Britain are using \u2026", "url": "https://lifehacker.com/the-out-of-touch-adults-guide-to-kid-culture-gen-z-go-1850965502", "urlToImage": "https://i.kinja-img.com/image/upload/c_fill,h_675,pg_1,q_80,w_1200/478b8de1056730b7890fa0e707cfec6b.png", "publishedAt": "2023-10-27T15:01:43Z", "content": "This week, the whole internet is talking about one young womans journey into career disillusionmentspecifically, her shocking discovery (shared via TikTok) that having a job cuts into your personal t\u2026 [+6114 chars]"}, {"source": {"id": null, "name": "Boing Boing"}, "author": "Mark Frauenfelder", "title": "Taylor Swift accused of witchcraft by MAGA pastor Hank Kunneman", "description": "Hank Kunneman is employed as a MAGA pastor. It's not bad work if you can stomach spouting uncreative and discredited conspiracy theories to dimwitted, credulous, and perpetually enraged Trump worshippers. If you know who Kunneman is, you probably remember him\u2026", "url": "https://boingboing.net/2023/11/06/taylor-swift-accused-of-witchcraft-by-maga-pastor-hank-kunneman.html", "urlToImage": "https://i0.wp.com/boingboing.net/wp-content/uploads/2023/11/taylor-swift.jpg?fit=1200%2C798&ssl=1", "publishedAt": "2023-11-06T23:30:56Z", "content": "Hank Kunneman is employed as a MAGA pastor. It's not bad work if you can stomach spouting uncreative and discredited conspiracy theories to dimwitted, credulous, and perpetually enraged Trump worship\u2026 [+1089 chars]"}, {"source": {"id": "business-insider", "name": "Business Insider"}, "author": "Juliana Kaplan", "title": "A movie theater staffer describes what it was like to work Taylor Swift's Eras Tour film premiere, which was so loud it blew out 2 amps", "description": "Taylor Swift's Eras Tour film was so loud it blew the sound system in one theater.", "url": "https://www.businessinsider.com/taylor-swift-eras-tour-movie-movie-theater-worker-2023-10", "urlToImage": "https://i.insider.com/652eee53be9edfa8eda32e25?width=1200&format=jpeg", "publishedAt": "2023-10-21T11:59:01Z", "content": "Swifties descended upon movie theaters over the weekend.FREDERIC J. BROWN/AFP via Getty Images\r\n<ul><li>The Eras Tour film opened last weekend in movie theaters around the world.</li><li>Some theater\u2026 [+3321 chars]"}, {"source": {"id": "business-insider", "name": "Business Insider"}, "author": "Jordan Hart", "title": "Gen Z's financial icons revealed: Taylor Swift beats Warren Buffett, and Bill Gates tops the list", "description": "Bill Gates, Beyonc\u00e9, and Oprah Winfrey made the list of people who embody financial success for Gen Z, according to a new survey of college students.", "url": "https://www.businessinsider.com/taylor-swift-jeff-bezos-elon-musk-top-financial-icons-genz-2023-11", "urlToImage": "https://i.insider.com/65451e96b788914e554fd179?width=1200&format=jpeg", "publishedAt": "2023-11-04T08:56:01Z", "content": "Young people haven't forgotten about some of the people responsible for today's tech, like Bill Gates, but they're also looking at entertainers like Taylor Swift and Oprah Winfrey for financial inspi\u2026 [+3175 chars]"}, {"source": {"id": "business-insider", "name": "Business Insider"}, "author": "Jenny McGrath", "title": "Dolly Parton, Taylor Swift, and more celebrities with species named after them", "description": "Some scientists love naming new species after celebrities. From David Bowie's spider to Dolly Parton's lichen, here are famously named species.", "url": "https://www.businessinsider.com/celebrity-species-named-eponyms-nomenclature-taxonomy", "urlToImage": "https://i.insider.com/654ec0aab788914e55547b68?width=1200&format=jpeg", "publishedAt": "2023-11-12T12:47:02Z", "content": "In honor of Jimmy Buffett\u2019s \u201cMargaritaville,\u201d scientists named this yellow snail Cayo margarita.Hal Horowitz/WireImage/Getty Images; R. Bieler\r\n<ul>\n<li>An eponym is a scientific species name that co\u2026 [+7964 chars]"}, {"source": {"id": "time", "name": "Time"}, "author": "Moises Mendez II", "title": "The Meaning Behind Taylor Swift\u2019s 1989 Vault Track \u2018Slut!\u2019", "description": "Taylor Swift boldly reclaims a word that's been hurled at her in 1989 (Taylor's Version), with \"Slut!\"", "url": "https://time.com/6329228/taylor-swift-1989-slut-song/", "urlToImage": "https://api.time.com/wp-content/uploads/2023/10/taylor-swift-1989-2.jpg?quality=85", "publishedAt": "2023-10-27T17:13:51Z", "content": "In September, when Taylor Swift announced that one of the vault tracks off of 1989 (Taylors Version) would be called Slut!, it immediately became the most anticipated song from the re-release. \r\nRele\u2026 [+3032 chars]"}, {"source": {"id": "time", "name": "Time"}, "author": "Moises Mendez II", "title": "The Biggest Snubs and Surprises of the 2024 Grammy Nominations", "description": "SZA, Taylor Swift, Victoria Mon\u00e9t, and Phoebe Bridgers are among the most nominated artists at the 2024 Grammy Awards.", "url": "https://time.com/6333788/grammy-nominations-2024-sza-taylor-swift/", "urlToImage": "https://api.time.com/wp-content/uploads/2023/11/2024-grammy-nominations.jpg?quality=85", "publishedAt": "2023-11-10T17:32:53Z", "content": "The 2024 Grammy nominations were announced Friday morning and SZA took the lead, with nine nods for the singer, followed closely by Victoria Mon\u00e9t and Phoebe Bridgers, who each took home seven. Eight\u2026 [+4044 chars]"}, {"source": {"id": "time", "name": "Time"}, "author": "Olivia-Anne Cleary", "title": "Taylor Swift Postpones Rio Concert Amid Safety Concerns Following Fan\u2019s Death", "description": "Taylor Swift took to social media on Saturday evening to announce that she was postponing her concert, amid concerns over safety.", "url": "https://time.com/6337308/taylor-swift-fan-death-rio-concert-postponed/", "urlToImage": "https://api.time.com/wp-content/uploads/2023/11/GettyImages-1788311606.jpg?quality=85", "publishedAt": "2023-11-19T13:07:57Z", "content": "Taylor Swift took to social media on Saturday evening to announce that she was postponing her Rio concert, amid exceedingly high temperatures and concerns over safety. The statement came one night af\u2026 [+4040 chars]"}, {"source": {"id": "time", "name": "Time"}, "author": "Samantha Cooney, Annabel Gutterman, Moises Mendez II and Rachel Sonis", "title": "A Ranking of Taylor Swift\u2019s \u2018From the Vault\u2019 Songs", "description": "With each re-recorded album, Taylor Swift has also released songs that almost made the cut. Here are our favorite 'From the Vault' tracks.", "url": "https://time.com/6327597/taylor-swift-best-vault-songs/", "urlToImage": "https://api.time.com/wp-content/uploads/2023/10/TaylorSwift_Vault.png", "publishedAt": "2023-10-25T15:30:13Z", "content": "When Taylor Swift announced in 2019 that she would be re-recording her first six albums in an effort to reclaim her original music, fans began eagerly anticipating the opportunity to revisit the past\u2026 [+11985 chars]"}, {"source": {"id": "polygon", "name": "Polygon"}, "author": "Petrana Radulovic", "title": "Why do people think Taylor Swift secretly wrote Henry Cavill\u2019s new spy movie?", "description": "Argylle stars Henry Cavill and Dua Lipa and is based on a book by author Elly Conway \u2014 who Taylor Swift fans are convinced is the pop superstar herself.", "url": "https://www.polygon.com/23929262/taylor-swift-elly-conway-argylle-book-dua-lipa-henry-cavill", "urlToImage": "https://cdn.vox-cdn.com/thumbor/U44rxQX3xjZo7eM5HSCxELFFNvw=/0x243:4800x2756/fit-in/1200x630/cdn.vox-cdn.com/uploads/chorus_asset/file/25025729/1677606107.jpg", "publishedAt": "2023-10-24T14:00:00Z", "content": "If you buy something from a Polygon link, Vox Media may earn a commission. See our ethics statement.Argylle is an upcoming spy movie from Kingsman director Matthew Vaughn, starring Bryce Dallas Howar\u2026 [+7598 chars]"}, {"source": {"id": null, "name": "HuffPost"}, "author": "Nina Golgowski", "title": "Taylor Swift Sets Grammy Awards Record With \u2018Anti-Hero\u2019 Nomination", "description": "The \u201cMidnights\u201d singer received six nominations in all.", "url": "https://www.huffpost.com/entry/taylor-swift-grammy-nomination-anti-hero-midnights_n_654e7c39e4b0c9f246601e0e", "urlToImage": "https://img.huffingtonpost.com/asset/654e914b2200004717cef563.jpeg?cache=Cc947bewi6&ops=1200_630", "publishedAt": "2023-11-10T22:14:39Z", "content": "Taylor Swifts done it again.\r\nThe Midnights singer has set a new Grammy record for the most nominations for any person in the Song of the Year category.\r\nSwifts hit single Anti-Hero was shortlisted f\u2026 [+2321 chars]"}, {"source": {"id": "time", "name": "Time"}, "author": "Rachel Sonis", "title": "Taylor Swift\u2019s \u2018All You Had To Do Was Stay\u2019 Is Criminally Underrated", "description": "It's time to reassess the track from Taylor Swift's 1989, which is set to be rereleased on Oct. 27.", "url": "https://time.com/6328126/taylor-swift-1989-all-you-had-to-do-was-stay/", "urlToImage": "https://api.time.com/wp-content/uploads/2023/10/taylor-swift-1989.jpg?quality=85", "publishedAt": "2023-10-26T14:43:39Z", "content": "It came to her in a dream (an embarrassing one, at that), Taylor Swift recalled about the origin of her song, All You Had To Do Was Stay. On the cusp of her ascent into stratospheric superstardom wit\u2026 [+4500 chars]"}, {"source": {"id": null, "name": "The New Yorker"}, "author": "Talib Babb", "title": "Innovative Ways to Demand an N.B.A. Trade", "description": "If you want attention for your cause, just ask Taylor Swift for help. The Swifties will rally behind whatever she posts.", "url": "https://www.newyorker.com/humor/daily-shouts/innovative-ways-to-demand-an-nba-trade", "urlToImage": "https://media.newyorker.com/photos/65367b7a13c1e561d000bf20/16:9/w_1280,c_limit/Babb-Shouts-NBA-Trades.jpg", "publishedAt": "2023-10-23T16:06:21Z", "content": "Basketball season is upon us, after an offseason that featured multiple trade requests across the league. The traditional way of requesting to be traded in the N.B.A. is the player or his representat\u2026 [+4507 chars]"}, {"source": {"id": null, "name": "HuffPost"}, "author": "David Moye", "title": "CBS Shows Just How Much Taylor Swift Affects Travis Kelce\u2019s Game", "description": "The Chiefs tight end averages 99 receiving yards a game when the singer is in attendance, versus 46.5 yards when she\u2019s a no-show.", "url": "https://www.huffpost.com/entry/travis-kelce-stats-taylor-swift_n_65369751e4b0689b3fbd721f", "urlToImage": "https://img.huffingtonpost.com/asset/65369aea1f000060091baff9.jpeg?cache=4cXYNkpVef&ops=1200_630", "publishedAt": "2023-10-23T17:52:34Z", "content": "The NFL is definitely benefiting from Travis Kelce and Taylor Swifts relationship, but now theres more evidence that Kelce is, too.\r\nThe Kansas City Chiefs tight end had 12 catches for 179 yards and \u2026 [+1231 chars]"}, {"source": {"id": "buzzfeed", "name": "Buzzfeed"}, "author": "Julia Corrigan", "title": "16 Hilarious Fails From The Internet This Week That Will Make You Laugh So Hard You'll Be Texting This Article To Your Friends Saying \"You Have To Look At This\"", "description": "I had to include the Taylor Swift pumpkin because I have been thinking about it every day.View Entire Post \u203a", "url": "https://www.buzzfeed.com/juliacorrigan/internet-fails-from-this-week-10-30", "urlToImage": "https://img.buzzfeed.com/buzzfeed-static/static/2023-10/30/19/enhanced/61cb734033b8/original-419-1698694060-2.jpg?crop=1245:651;4,15%26downsize=1250:*", "publishedAt": "2023-10-30T20:25:23Z", "content": "Witnessed this particular scene in the cinema where a man a few seats down actually farted in terror, which ruined the film for my friend &amp; I who basically wept with silent laughter for the rest \u2026 [+69 chars]"}, {"source": {"id": null, "name": "9to5Mac"}, "author": "Chance Miller", "title": "Taylor Swift named the Apple Music Artist of the Year: \u20182023 (Taylor\u2019s Version)\u2019", "description": "Apple has named Taylor Swift the Apple Music Artist of the Year for 2023. \u201cAcross the charts, streams, and concert stadiums filled with screaming, bracelet-wearing super fans, Swift undeniably reached a new realm of superstardom this year,\u201d Apple explains. \n\n\u2026", "url": "https://9to5mac.com/2023/11/08/taylor-swift-apple-music-artist-of-the-year/", "urlToImage": "https://i0.wp.com/9to5mac.com/wp-content/uploads/sites/6/2023/11/taylor-swift-apple-music.webp?resize=1200%2C628&quality=82&strip=all&ssl=1", "publishedAt": "2023-11-08T16:14:01Z", "content": "Apple has named Taylor Swift the Apple Music Artist of the Year for 2023. \u201cAcross the charts, streams, and concert stadiums filled with screaming, bracelet-wearing super fans, Swift undeniably reache\u2026 [+2480 chars]"}, {"source": {"id": "bbc-news", "name": "BBC News"}, "author": null, "title": "Taylor Swift gets 'heavenly' welcome from Christ the Redeemer", "description": "The famous statue in Rio de Janeiro is illuminated as the global pop sensation arrives on her Eras tour.", "url": "https://www.bbc.co.uk/news/av/world-latin-america-67456426", "urlToImage": "https://ichef.bbci.co.uk/news/1024/branded_news/16AC1/production/_131756829_p0gtdhdd.jpg", "publishedAt": "2023-11-17T17:03:39Z", "content": "Rio de Janeiro's Christ the Redeemer statue has been illuminated to welcome to Taylor Swift. \r\nIt came as the global pop sensation arrived in the country for her record-breaking Eras Tour.\r\nSwift had\u2026 [+92 chars]"}, {"source": {"id": "business-insider", "name": "Business Insider"}, "author": "Grace Kay,Taylor Rains", "title": "Elon Musk appears to have given up on trying to camouflage his private-jet travels with an FAA program used by Jeff Bezos and Taylor Swift", "description": "Elon Musk had signed up for the FAA's PIA program that allows private jet owners to fly incognito, but he appears to have stopped using it for now.", "url": "https://www.businessinsider.com/elon-musk-appears-no-longer-masking-private-jet-tracking-pia-2023-10", "urlToImage": "https://i.insider.com/653a86af96f7540cd0668803?width=1200&format=jpeg", "publishedAt": "2023-10-28T09:07:01Z", "content": "Elon Musk appears to have stopped using a program that attempts to shield his jet travels, according to JetSpy.STEFANI REYNOLDS/AFP via Getty Images\r\n<ul>\n<li>Last year, Elon Musk stopped using an FA\u2026 [+4864 chars]"}, {"source": {"id": "time", "name": "Time"}, "author": "Cady Lang", "title": "The Hottest Costume This Halloween? The All-American Couple", "description": "What this year's most popular Halloween costumes say about our current attitudes", "url": "https://time.com/6328337/halloween-costume-barbie-ken-taylor-swift-travis-kelce/", "urlToImage": "https://api.time.com/wp-content/uploads/2023/10/halloween-barbie-ken-taylor-swift-travis-kelce.jpg?quality=85", "publishedAt": "2023-10-27T22:22:06Z", "content": "Weeks before Halloween, Hannah Montoya was busy crafting her first ever couples costume, collecting a blonde wig, friendship bracelets, and an NFL jersey emblazoned with the name and number of Kansas\u2026 [+4469 chars]"}, {"source": {"id": null, "name": "Xataka.com"}, "author": "Rub\u00e9n Andr\u00e9s", "title": "Tras arrasar con su gira, su pel\u00edcula y ser la reina del streaming, Taylor Swift consigue un nuevo hito: ser milmillonaria", "description": "Taylor Swift ha conseguido postrar a sus pies a toda una legi\u00f3n de fans en todo el mundo, pero lo m\u00e1s importante, es que tambi\u00e9n lo ha hecho con la industria de la m\u00fasica.\n<!-- BREAK 1 -->\nTras arrasar con la gira, triunfar en las salas con un\u2026 \u00bfcineconcierto\u2026", "url": "https://www.xataka.com/magnet/arrasar-su-gira-su-pelicula-ser-reina-streaming-taylor-swift-consigue-nuevo-hito-ser-milmillonaria", "urlToImage": "https://i.blogs.es/83fab2/taylor-swift/840_560.jpeg", "publishedAt": "2023-11-06T19:31:29Z", "content": "Taylor Swift ha conseguido postrar a sus pies a toda una legi\u00f3n de fans en todo el mundo, pero lo m\u00e1s importante, es que tambi\u00e9n lo ha hecho con la industria de la m\u00fasica.\r\nTras arrasar con la gira, \u2026 [+2546 chars]"}, {"source": {"id": null, "name": "Xataka.com"}, "author": "John Tones", "title": "Nuevo choque entre Taylor Swift y las discogr\u00e1ficas: los contratos cambian para evitar que otros artistas sigan sus pasos", "description": "Cuando Taylor Swift anunci\u00f3 en 2021 que iba a regrabar todos los discos que edit\u00f3 con Big Machine Records, su decisi\u00f3n fue recibida con cierto excepticismo, ya que la artista estaba en medio de una cruenta guerra por la recuperaci\u00f3n de sus masters y se entend\u2026", "url": "https://www.xataka.com/musica/nuevo-choque-taylor-swift-discograficas-contratos-cambian-para-evitar-que-otros-artistas-sigan-sus-pasos", "urlToImage": "https://i.blogs.es/131409/taylor-swift-red-cr-beth-garrabrant-press-2021-billboard-1548-1636735410/840_560.jpeg", "publishedAt": "2023-10-31T13:01:55Z", "content": "Cuando Taylor Swift anunci\u00f3 en 2021 que iba a regrabar todos los discos que edit\u00f3 con Big Machine Records, su decisi\u00f3n fue recibida con cierto excepticismo, ya que la artista estaba en medio de una c\u2026 [+4004 chars]"}, {"source": {"id": "abc-news", "name": "ABC News"}, "author": "ABC News", "title": "WATCH: Taylor Swift and Travis Kelce share a kiss after her Buenos Aires concert", "description": "Video shows the singer and Chiefs\u2019 tight end embracing each other after her show.", "url": "https://abcnews.go.com/GMA/Culture/video/taylor-swift-travis-kelce-share-kiss-after-buenos-104833734", "urlToImage": "https://i.abcnewsfe.com/a/5e5b97ce-aac7-4f91-9c55-a9a5d98ec763/231112_gma_digital_tswiftkelcekiss_hpMain_9x16.jpg?w=992", "publishedAt": "2023-11-12T21:41:20Z", "content": "<ul><li>Whats next for Russia? \r\n</li><li>What comes next after Texas school shooting?\r\n</li><li>What's next for abortion rights in America?\r\n</li><li>The new battle for voting rights\r\n</li><li>How w\u2026 [+2272 chars]"}, {"source": {"id": null, "name": "Flowingdata.com"}, "author": "Nathan Yau", "title": "Taylor Swift earnings visualized with bracelet beads", "description": "Bloomberg estimates that Taylor Swift reached billionaire status with her recent touring and music releases. Swift achieved the milestone mostly with music. Bloomberg provides the visual splits wit\u2026", "url": "https://flowingdata.com/2023/10/30/taylor-swift-earnings-visualized-with-bracelet-beads/", "urlToImage": "https://flowingdata.com/wp-content/uploads/2023/10/Taylor-Swift-billionaire.png", "publishedAt": "2023-10-30T09:43:48Z", "content": "Age and Occupation\r\nWhether its because of experience, physical ability, or education level, some jobs tend towards a certain age of worker more than others."}, {"source": {"id": "bbc-news", "name": "BBC News"}, "author": "https://www.facebook.com/bbcnews", "title": "Taylor Swift postpones Rio de Janeiro concert after death of fan", "description": "The US pop star says she is putting safety first after temperatures in the Brazilian city reached 39.1C.", "url": "https://www.bbc.co.uk/news/world-latin-america-67465742", "urlToImage": "https://ichef.bbci.co.uk/news/1024/branded_news/0858/production/_131763120_7e1cca8ff1a41231c894b435afd723d7b530e2140_625_6000_33751000x563.jpg", "publishedAt": "2023-11-18T22:22:23Z", "content": "Taylor Swift has postponed a concert she was due to perform in Rio de Janeiro on Saturday, after a fan died shortly before her show on Friday.\r\nThe decision came as thousands of people were already a\u2026 [+2950 chars]"}, {"source": {"id": null, "name": "The A.V. Club"}, "author": "William Hughes", "title": "Taylor Swift defeats Taylor Swift, also everybody else, with sales for 1989 (Taylor's Version)", "description": "Taylor Swift has now officially beaten pretty much the only person on the planet giving her a real fight for pop music dominance at the moment: Herself. This is per Deadline, reporting on the first serious sales numbers for Swift\u2019s latest release, the (Taylor\u2026", "url": "https://www.avclub.com/1989-taylors-version-outsells-original-1850993918", "urlToImage": "https://i.kinja-img.com/image/upload/c_fill,h_675,pg_1,q_80,w_1200/7da45d19333fc456838bcb0c7f65638a.jpg", "publishedAt": "2023-11-05T22:41:00Z", "content": "Taylor Swift has now officially beaten pretty much the only person on the planet giving her a real fight for pop music dominance at the moment: Herself. This is per Deadline, reporting on the first s\u2026 [+1545 chars]"}, {"source": {"id": null, "name": "Boing Boing"}, "author": "Rob Beschizza", "title": "Google sues two men who sent out fake copyright takedowns", "description": "Google claims that two men used fraudulent copyright takedown notices to target 620,000 URLs in its search index, and has filed a lawsuit in California accusing them of sabotaging their competitors and trying to damage the search engine's business. Nguyen Van\u2026", "url": "https://boingboing.net/2023/11/14/google-sues-two-men-who-sent-out-fake-copyright-takedowns.html", "urlToImage": "https://i0.wp.com/boingboing.net/wp-content/uploads/2019/10/copy.jpg?fit=900%2C600&ssl=1", "publishedAt": "2023-11-14T15:28:20Z", "content": "Google claims that two men used fraudulent copyright takedown notices to target 620,000 URLs in its search index, and has filed a lawsuit in California accusing them of sabotaging their competitors a\u2026 [+1082 chars]"}, {"source": {"id": null, "name": "VentureBeat"}, "author": "Sharon Goldman", "title": "How Marc Andreessen is like Robert Moses: \u2018It\u2019s time to build\u2019 AI\u00a0 | The AI Beat", "description": "Marc Andreessen and Robert Moses both said 'It's time to build.' But are the Techno-Optimists destined for a Moses-style reckoning?", "url": "https://venturebeat.com/ai/how-marc-andreessen-is-like-robert-moses-its-time-to-build-ai-the-ai-beat/", "urlToImage": "https://venturebeat.com/wp-content/uploads/2023/10/sharogold_an_expressway_cutting_through_lower_manhattan_7a888e52-c8d3-42d5-8935-1a06f40adb3b.png?w=1200&strip=all", "publishedAt": "2023-10-23T16:14:04Z", "content": "VentureBeat presents: AI Unleashed - An exclusive executive event for enterprise data leaders. Network and learn with industry peers.Learn More\r\nDid you spend your weekend driving down the New Jersey\u2026 [+1207 chars]"}, {"source": {"id": "the-verge", "name": "The Verge"}, "author": "David Pierce", "title": "Apple\u2019s Journal app is kind of smart \u2014 and kind of basic", "description": "Apple Journal comes with iOS 17.2 and includes features for saving photos, video, text, and more. It also includes a suggestions API that uses AI to try and guess which moments matter most.", "url": "https://www.theverge.com/2023/10/28/23935473/apple-iphone-journal-app-preview", "urlToImage": "https://cdn.vox-cdn.com/thumbor/lAop_3d5kJsfVxvNeXLDIz8GwZY=/0x0:6000x4000/1200x628/filters:focal(3000x2000:3001x2001)/cdn.vox-cdn.com/uploads/chorus_asset/file/25038993/Apple_Journal.jpg", "publishedAt": "2023-10-28T13:15:00Z", "content": "Apples Journal app is kind of smart and kind of basic\r\nApples Journal app is kind of smart and kind of basic\r\n / Using everything your phone knows about you to help you chronicle your life is a fasci\u2026 [+6169 chars]"}, {"source": {"id": null, "name": "Windows Central"}, "author": "Jennifer Young", "title": "This Spotify hack transformed my music \u2014 thanks to Taylor Swift", "description": "In the world of music streaming, every note and nuance counts. And thanks to Taylor Swift, indirectly, I've found a hidden setting that you need to turn OFF to have the best experience with your music on Spotify.", "url": "https://www.windowscentral.com/software-apps/this-spotify-hack-transformed-my-music-thanks-to-taylor-swift", "urlToImage": "https://cdn.mos.cms.futurecdn.net/kpbHKystfGQCefdobcAEfN-1200-80.jpg", "publishedAt": "2023-10-27T16:15:04Z", "content": "I love Spotify, so much so that I'd take my subscription to the grave, and it's even more cherished than my Xbox Game Pass subscription. Despite being a daily Spotify user for the past 15 years, I've\u2026 [+3406 chars]"}, {"source": {"id": null, "name": "Xataka.com"}, "author": "John Tones", "title": "Cuando compras una entrada Ticketmaster se lleva una comisi\u00f3n. Y ahora cuando la revendes, tambi\u00e9n", "description": "El nuevo sistema de reventa de entradas de Ticketmaster, fan-to-fan, ha llegado recientemente a Espa\u00f1a tras un pol\u00e9mico recorrido en Estados Unidos. Algunos fans que han intentado comprar entradas una vez agotadas protestan por algunas condiciones que conside\u2026", "url": "https://www.xataka.com/musica/cuando-compras-entrada-ticketmaster-se-lleva-comision-ahora-cuando-revendes-tambien", "urlToImage": "https://i.blogs.es/7a1d57/797f8f12dcf7583ee3323802e3727ef6ca-taylor-swift-1.2x.rhorizontal.w700/840_560.jpeg", "publishedAt": "2023-10-27T11:33:38Z", "content": "El nuevo sistema de reventa de entradas de Ticketmaster, fan-to-fan, ha llegado recientemente a Espa\u00f1a tras un pol\u00e9mico recorrido en Estados Unidos. Algunos fans que han intentado comprar entradas un\u2026 [+3814 chars]"}, {"source": {"id": null, "name": "Pitchfork"}, "author": "Hattie Lindert", "title": "Boygenius, Olivia Rodrigo, and Miley Cyrus Nominated for Record of the Year at 2024 Grammys", "description": "SZA, Taylor Swift, Billie Eilish, Victoria Mon\u00e9t, and Jon Batiste are also up for the award", "url": "https://pitchfork.com/news/boygenius-olivia-rodrigo-and-miley-cyrus-nominated-for-record-of-the-year-at-2024-grammys/", "urlToImage": "https://media.pitchfork.com/photos/654db0f656664895b471b3c6/16:9/w_1280,c_limit/Boygenius%20Olivia%20Rodrigo%20Miley%20Cyrus.jpg", "publishedAt": "2023-11-10T16:15:49Z", "content": "The 2024 Grammys are approaching, and Boygenius, Olivia Rodrigo, and Miley Cyrus have all received nominations for Record of the Year. SZA, Taylor Swift, Billie Eilish, Victoria Mon\u00e9t, and Jon Batist\u2026 [+1074 chars]"}, {"source": {"id": null, "name": "AppleInsider"}, "author": "news@appleinsider.com (Amber Neely)", "title": "Apple Music celebrates Taylor Swift as the Artist of the Year for 2023", "description": "Taylor Swift has been named Apple Music's 2023 Artist of the Year, setting record-breaking milestones and receiving the prestigious Apple Music Award.Throughout the year, Swift achieved remarkable feats such as chart-topping songs, massive streaming numbers, \u2026", "url": "https://appleinsider.com/articles/23/11/08/apple-music-celebrates-taylor-swift-as-the-artist-of-the-year-for-2023", "urlToImage": "https://photos5.appleinsider.com/gallery/57194-116307-music-awards-xl.jpg", "publishedAt": "2023-11-08T16:30:29Z", "content": "Taylor Swift has been named Apple Music's 2023 Artist of the Year, setting record-breaking milestones and receiving the prestigious Apple Music Award.\r\nThroughout the year, Swift achieved remarkable \u2026 [+2432 chars]"}, {"source": {"id": "buzzfeed", "name": "Buzzfeed"}, "author": "Kristen Harris", "title": "14 Celebs Who Have Literally Offered Their Homes, Money, And Other Resources To Other Celebs", "description": "When Taylor Swift first bought her NYC penthouse in 2014, her then-close friend Karlie Kloss stayed over often enough that she essentially had her own room. It had a basket of Karlie's favorite Whole Foods snacks and pictures of her on the wall.View Entire Po\u2026", "url": "https://www.buzzfeed.com/kristenharris1/celebs-helped-famous-friends", "urlToImage": "https://img.buzzfeed.com/buzzfeed-static/static/2023-10/25/19/enhanced/fae98146dde3/original-952-1698263644-2.jpg?crop=1246:652;0,7%26downsize=1250:*", "publishedAt": "2023-10-26T16:16:02Z", "content": "She told Vanity Fair, \"So, I got a room that you could get by the hour up on Martin Luther King and Western at this place called the Snooty Fox...I just wanted to take a shower, take a little nap, wr\u2026 [+701 chars]"}, {"source": {"id": null, "name": "Theonion.com"}, "author": "The Ellen Show", "title": "Report: Taylor Swift\u2019s Parents Dating Travis Kelce\u2019s Parents", "description": "NASHVILLE, TN\u2014In the latest relationship development that fans of the power couple called \u201cadorable,\u201d sources confirmed Thursday that Taylor Swift and Travis Kelce\u2019s parents were dating. \u201cAndrea, Scott, Donna, and Ed are all absolutely smitten with each other\u2026", "url": "https://www.theonion.com/report-taylor-swift-s-parents-dating-travis-kelce-s-pa-1851028517", "urlToImage": "https://i.kinja-img.com/image/upload/c_fill,h_675,pg_1,q_80,w_1200/f9c9e74c49225d0dcf91ee25a5109831.jpg", "publishedAt": "2023-11-16T19:00:00Z", "content": "NASHVILLE, TNIn the latest relationship development that fans of the power couple called adorable, sources confirmed Thursday that Taylor Swift and Travis Kelces parents were dating. Andrea, Scott, D\u2026 [+640 chars]"}, {"source": {"id": null, "name": "Pitchfork"}, "author": "Hattie Lindert", "title": "Billie Eilish, Dua Lipa, and SZA Nominated for Song of the Year at 2024 Grammys", "description": "Taylor Swift, Olivia Rodrigo, Lana Del Rey, Jon Batiste, and Miley Cyrus round out the nominees this year", "url": "https://pitchfork.com/news/billie-eilish-dua-lipa-and-sza-nominated-for-song-of-the-year-at-2024-grammys/", "urlToImage": "https://media.pitchfork.com/photos/654d94b47d076cc8e88c5d5f/16:9/w_1280,c_limit/Billie%20Eilish%20Dua%20Lipa%20SZA.jpg", "publishedAt": "2023-11-10T16:09:55Z", "content": "The 2024 Grammy Award nominations were announced today, and Billie Eilish, Dua Lipa, SZA, and Taylor Swift are all up for Song of the Year. Olivia Rodrigo, Lana Del Rey, Jon Batiste, and Miley Cyrus \u2026 [+991 chars]"}, {"source": {"id": null, "name": "The A.V. Club"}, "author": "Peter Scobel", "title": "Taylor Swift has Illuminati money now", "description": "Taylor Swift is officially a billionaire now, and her Eras Tour has added an estimated $4.3 billion to the U.S. gross domestic product this year", "url": "https://www.avclub.com/taylor-swift-has-illuminati-money-now-1850968796", "urlToImage": "https://i.kinja-img.com/image/upload/c_fill,h_675,pg_1,q_80,w_1200/74a3e56768d2604baca06a57ce45f088.png", "publishedAt": "2023-10-27T23:33:00Z", "content": "Taylor Swift is officially a billionaire now, and her Eras Tour has added an estimated $4.3 billion to the U.S. gross domestic product this year\r\nWe may earn a commission from links on this page."}, {"source": {"id": null, "name": "Rolling Stone"}, "author": "Elisabeth Garber-Paul", "title": "Can \u2018Taylor Swift: The Eras Tour\u2019 Turn a Non-Swiftie? We Put It to the Test", "description": "A Rolling Stone editor and self-admitted non Taylor Swift fan reviews the \u2018Taylor Swift: The Eras Tour.'", "url": "https://www.rollingstone.com/music/music-features/taylor-swift-the-eras-tour-non-swiftie-review-1234860064/", "urlToImage": "https://www.rollingstone.com/wp-content/uploads/2023/10/taylor-swift-for-non-swifty.jpg?w=1600&h=900&crop=1", "publishedAt": "2023-10-23T16:00:00Z", "content": "There\u2019s a moment early on in Taylor Swift Era\u2019s Tour concert film before she launches into her nearly dozen studio albums, but after she points to parts of the crowd to see how loud they\u2019ll scream, w\u2026 [+10141 chars]"}, {"source": {"id": "business-insider", "name": "Business Insider"}, "author": "Kai Xiang Teo", "title": "Nvidia boss Jensen Huang joked that Jackie Chan should play him in a movie", "description": "\"I'll do my own stunts, yeah. I'll do all my own typing,\" Nvidia CEO Jensen Huang joked.", "url": "https://www.businessinsider.com/nvidia-jensen-huang-joked-jackie-chan-play-him-movie-2023-11", "urlToImage": "https://i.insider.com/6548574236d588dc55cb2ccb?width=1200&format=jpeg", "publishedAt": "2023-11-06T06:03:33Z", "content": "Jensen Huang, co-founder and CEO of Nvidia, speaks during the Hon Hai Tech Day in Taipei on October 18, 2023.I-HWA CHENG/AFP via Getty Image\r\n<ul><li>Nvidia CEO Jensen Huang already has an actor in m\u2026 [+1854 chars]"}, {"source": {"id": null, "name": "Cracked.com"}, "author": "Ryan Menezes", "title": "8 Famous Songs Where the Singer Is Clearly Lying to Us", "description": "We see through you, Taylor Swift. All the clues are there", "url": "https://www.cracked.com/article_40236_8-famous-songs-where-the-singer-is-clearly-lying-to-us.html", "urlToImage": "https://s3.crackedcdn.com/phpimages/article/6/8/5/967685.jpg", "publishedAt": "2023-11-18T13:00:00Z", "content": "Some stories have unreliable narrators. That means the story tells you something happened, but if you read between the lines, theyre really telling you it didnt happen at all. Once you learn about un\u2026 [+13651 chars]"}, {"source": {"id": "die-zeit", "name": "Die Zeit"}, "author": "ZEIT ONLINE: News -", "title": "Musik: Taylor Swift bricht mit neuem Album eigenen Rekord", "description": "Hier finden Sie Informationen zu dem Thema \u201eMusik\u201c. Lesen Sie jetzt \u201eTaylor Swift bricht mit neuem Album eigenen Rekord\u201c.", "url": "https://www.zeit.de/news/2023-11/06/taylor-swift-bricht-mit-neuem-album-eigenen-rekord", "urlToImage": "https://img.zeit.de/news/2023-11/06/taylor-swift-bricht-mit-neuem-album-eigenen-rekord-image-group/wide__1300x731", "publishedAt": "2023-11-06T07:16:52Z", "content": "US-Popstar Taylor Swift hat mit ihrem Album \u00ab1989 (Taylor's Version) einen weiteren Rekord aufgestellt. Nie zuvor verkaufte die 33-J\u00e4hrige so viele Alben innerhalb einer Woche, wie das US-Magazin Bil\u2026 [+1712 chars]"}, {"source": {"id": "die-zeit", "name": "Die Zeit"}, "author": "ZEIT ONLINE: News -", "title": "Musik: Popstar Taylor Swift stellt weiteren Spotify-Rekord auf", "description": "Hier finden Sie Informationen zu dem Thema \u201eMusik\u201c. Lesen Sie jetzt \u201ePopstar Taylor Swift stellt weiteren Spotify-Rekord auf\u201c.", "url": "https://www.zeit.de/news/2023-10/29/popstar-taylor-swift-stellt-weiteren-spotify-rekord-auf", "urlToImage": "https://img.zeit.de/news/2023-10/29/popstar-taylor-swift-stellt-weiteren-spotify-rekord-auf-image-group/wide__1300x731", "publishedAt": "2023-10-29T00:03:17Z", "content": "US-Musikerin Taylor Swift (33) hat beim Musikstreaming-Marktf\u00fchrer Spotify einen weiteren Rekord aufgestellt. \u00abSie hat es wieder geschafft\u00bb, schrieb das Unternehmen am Samstag (Ortszeit) auf der Onli\u2026 [+2015 chars]"}, {"source": {"id": "die-zeit", "name": "Die Zeit"}, "author": "ZEIT ONLINE: News -", "title": "Promi-Paar : Travis Kelce schw\u00e4rmt von Taylor Swift", "description": "Hier finden Sie Informationen zu dem Thema \u201ePromi-Paar \u201c. Lesen Sie jetzt \u201eTravis Kelce schw\u00e4rmt von Taylor Swift\u201c.", "url": "https://www.zeit.de/news/2023-11/21/travis-kelce-schwaermt-von-taylor-swift", "urlToImage": "https://img.zeit.de/news/2023-11/21/travis-kelce-schwaermt-von-taylor-swift-image-group/wide__1300x731", "publishedAt": "2023-11-21T17:01:18Z", "content": "Der US-Football-Star Travis Kelce (34) hat in einem ausf\u00fchrlichen Interview von seiner neuen Freundin Taylor Swift (33) geschw\u00e4rmt. Die S\u00e4ngerin sei \u00aburkomisch\u00bb und \u00abein Genie\u00bb, sagte Kelce, der bei \u2026 [+1768 chars]"}, {"source": {"id": null, "name": "Garbageday.email"}, "author": "Ryan Broderick", "title": "The Taylor Swift Info War", "description": "Over the weekend, Taylor Swift played a long-awaited string of concerts in Brazil. And it was, by all accounts, a disaster.", "url": "https://www.garbageday.email/p/the-taylor-swift-info-war", "urlToImage": "https://substackcdn.com/image/fetch/w_1200,h_600,c_fill,f_jpg,q_auto:good,fl_progressive:steep,g_auto/https%3A%2F%2Fsubstack-post-media.s3.amazonaws.com%2Fpublic%2Fimages%2Fddc7d4cd-4bb4-4ad5-812c-6104590f139c_1220x778.png", "publishedAt": "2023-11-20T19:20:13Z", "content": "Over the weekend, Taylor Swift played a long-awaited string of concerts in Brazil. And it was, by all accounts, a disaster.\r\nThe problems began on Friday with the venue banning outside water, only al\u2026 [+12367 chars]"}, {"source": {"id": null, "name": "Pitchfork"}, "author": "Jazz Monroe", "title": "Jack Antonoff Chats, Bleachers Perform \u201cModern Girl\u201d on Fallon: Watch", "description": "As well as giving the single its TV debut, Antonoff discussed working with Taylor Swift and made an impromptu song with Jimmy Fallon", "url": "https://pitchfork.com/news/jack-antonoff-chats-bleachers-perform-modern-girl-on-fallon-watch/", "urlToImage": "https://media.pitchfork.com/photos/65439634e9163609d8bc9208/16:9/w_1280,c_limit/Bleachers-Jack-Antonoff-FALLON-2023.jpg", "publishedAt": "2023-11-02T13:15:22Z", "content": "Jack Antonoff was a guest on last nights episode of The Tonight Show Starring Jimmy Fallon. The producer, songwriter, and Bleachers frontman sat down to discuss writing with Taylor Swift and the . He\u2026 [+404 chars]"}, {"source": {"id": null, "name": "The A.V. Club"}, "author": "Mary Kate Carr", "title": "Taylor Swift swerves expectations again with new 1989 track \u201cSlut!\u201d", "description": "The prologue to 1989 (Taylor\u2019s Version) explains exactly the kind of scrutiny that the original 1989 album was made under. \u201cI had become the target of slut shaming\u2014the intensity and relentlessness of which would be criticized and called out if it happened tod\u2026", "url": "https://www.avclub.com/taylor-swift-surprises-with-new-1989-track-slut-1850966604", "urlToImage": "https://i.kinja-img.com/image/upload/c_fill,h_675,pg_1,q_80,w_1200/0b1ac5f7640a721aa926309ee6417b4b.jpg", "publishedAt": "2023-10-27T15:34:00Z", "content": "The prologue to 1989(Taylors Version) explains exactly the kind of scrutiny that the original 1989 album was made under. I had become the target of slut shamingthe intensity and relentlessness of whi\u2026 [+4426 chars]"}, {"source": {"id": null, "name": "Faz.net"}, "author": "ceh/jant.", "title": "Amerikanischer Verlag stellt Taylor-Swift-Reporter ein", "description": "Er soll \u00fcber genau ein Thema berichten: Taylor Swift. In einer viel beachteten Anzeige hatte ein US-Verlag vor einigen Wochen einen Reporter gesucht, der sich ausschlie\u00dflich der S\u00e4ngerin widmet \u2013 nun ist der Job vergeben.", "url": "https://www.faz.net/aktuell/gesellschaft/smalltalk/us-verlag-stellt-taylor-swift-reporter-ein-er-berichtet-nur-ueber-sie-19300227.html", "urlToImage": "https://media0.faz.net/ppmedia/aktuell/199113644/1.9299828/facebook_teaser/sie-trafen-bei-der-reputation.jpg", "publishedAt": "2023-11-08T16:25:00Z", "content": "Das Popwunder Taylor Swift steht k\u00fcnftig unter Dauerbeobachtung. Der amerikanische Zeitungsverlag Gannett verpflichtete jetzt den Reporter Bryan West, der seine gesamte Arbeitszeit der Musik und dem \u2026 [+1569 chars]"}, {"source": {"id": null, "name": "The A.V. Club"}, "author": "Emma Keates", "title": "Drake shouts out Taylor Swift on surprise release", "description": "Well, it looks like Drake\u2019s tummy isn\u2019t hurting so much anymore. Just weeks after announcing he\u2019d be taking an extended break from music to deal with some health complications\u2014specifically the fact that he\u2019d been having \u201cthe craziest problems for years with [\u2026", "url": "https://www.avclub.com/drake-taylor-swift-scary-hours-3-surprise-drop-1851030961", "urlToImage": "https://i.kinja-img.com/image/upload/c_fill,h_675,pg_1,q_80,w_1200/b065e85055772b161302e128593d91af.jpg", "publishedAt": "2023-11-17T15:44:09Z", "content": "Well, it looks like Drakes tummy isnt hurting so much anymore. Just weeks after announcing hed be taking an extended break from music to deal with some health complicationsspecifically the fact that \u2026 [+2438 chars]"}, {"source": {"id": null, "name": "The A.V. Club"}, "author": "Mary Kate Carr, Saloni Gajjar, Emma Keates, and Drew Gillis", "title": "Revisiting the hits, misses, and moments from Taylor Swift's original 1989", "description": "Looking at it now, it all seems so simple: the year was 2014, and Taylor Swift turned the world upside down by releasing a pure pop album called 1989. Already a superstar, 1989 sent Swift into the stratosphere. The singles were inescapable, the tour was a tri\u2026", "url": "https://www.avclub.com/taylor-swift-1989-retrospective-1850951042", "urlToImage": "https://i.kinja-img.com/image/upload/c_fill,h_675,pg_1,q_80,w_1200/b4571cb9b42895d3a874b8eeeb0d4b61.jpg", "publishedAt": "2023-10-24T15:00:00Z", "content": "Looking at it now, it all seems so simple: the year was 2014, and Taylor Swift turned the world upside down by releasing a pure pop album called 1989. Already a superstar, 1989 sent Swift into the st\u2026 [+16146 chars]"}, {"source": {"id": null, "name": "The A.V. Club"}, "author": "Mary Kate Carr", "title": "Stop asking Shawn Levy if Taylor Swift is in Deadpool", "description": "The double-edged sword of operating in Taylor Swift\u2019s orbit is that it can shoot you to a new stratosphere of fame, but forever after her presence in your life will be completely inescapable. Just ask director Shawn Levy, who happened to go to a Jets/Chiefs g\u2026", "url": "https://www.avclub.com/shawn-levy-asked-about-taylor-swift-deadpool-1850963824", "urlToImage": "https://i.kinja-img.com/image/upload/c_fill,h_675,pg_1,q_80,w_1200/72dbf7000421fc1e2e719a5868f137f3.jpg", "publishedAt": "2023-10-26T19:23:04Z", "content": "The double-edged sword of operating in Taylor Swifts orbit is that it can shoot you to a new stratosphere of fame, but forever after her presence in your life will be completely inescapable. Just ask\u2026 [+2863 chars]"}, {"source": {"id": "die-zeit", "name": "Die Zeit"}, "author": "ZEIT ONLINE: News -", "title": "NFL-Spiel in Frankfurt: Show und Glanz: Taylor Swift als Symbol f\u00fcr NFL-Raumschiff", "description": "Hier finden Sie Informationen zu dem Thema \u201eNFL-Spiel in Frankfurt\u201c. Lesen Sie jetzt \u201eShow und Glanz: Taylor Swift als Symbol f\u00fcr NFL-Raumschiff\u201c.", "url": "https://www.zeit.de/news/2023-11/03/show-und-glanz-taylor-swift-als-symbol-fuer-nfl-raumschiff", "urlToImage": "https://img.zeit.de/news/2023-11/03/show-und-glanz-taylor-swift-als-symbol-fuer-nfl-raumschiff-image-group/wide__1300x731", "publishedAt": "2023-11-03T09:47:05Z", "content": "Dass Football-Superstar Patrick Mahomes ohne seine Frau nach Frankfurt reist, blieb vor dem Spektakel der NFL in Deutschland eine Randnotiz. Denn der Quarterback der Kansas City Chiefs ist ja nicht m\u2026 [+4942 chars]"}, {"source": {"id": "die-zeit", "name": "Die Zeit"}, "author": "ZEIT ONLINE: News -", "title": "Nach Fan-Tod: Taylor Swift verschiebt Konzert in Rio wegen Hitze", "description": "Hier finden Sie Informationen zu dem Thema \u201eNach Fan-Tod\u201c. Lesen Sie jetzt \u201eTaylor Swift verschiebt Konzert in Rio wegen Hitze\u201c.", "url": "https://www.zeit.de/news/2023-11/19/taylor-swift-verschiebt-konzert-in-rio-wegen-hitze", "urlToImage": "https://img.zeit.de/news/2023-11/19/taylor-swift-verschiebt-konzert-in-rio-wegen-hitze-image-group/wide__1300x731", "publishedAt": "2023-11-19T10:11:33Z", "content": "Nach dem Tod eines Fans bei einem Konzert von Taylor Swift in Rio de Janeiro hat die US-S\u00e4ngerin einen weiteren Auftritt in der brasilianischen Millionenmetropole wegen der extremen Hitze verschoben.\u2026 [+2214 chars]"}, {"source": {"id": null, "name": "Mental Floss"}, "author": "Kenneth Partridge", "title": "Time After Time: The Surprising Connection Between Taylor Swift\u2019s \u201c22\u201d and Hanson\u2019s \u201cMMMBop\u201d", "description": "It\u2019s possible to sing the chorus to Hanson\u2019s 1997 smash \u201cMMMBop\u201d over the chords to Taylor Swift\u2019s 2012 hit \u201c22.\u201d", "url": "https://www.mentalfloss.com/posts/taylor-swift-22-hanson-mmmbop-surprising-connection", "urlToImage": "https://images2.minutemediacdn.com/image/upload/c_crop,w_6000,h_3375,x_0,y_164/c_fill,w_1440,ar_16:9,f_auto,q_auto,g_auto/images/GettyImages/mmsport/mentalfloss/01he4q53w2ncvcn4c41a.jpg", "publishedAt": "2023-11-15T22:00:01Z", "content": "On a recent episode of the Rolling Stone Music Now podcast, host Brian Hiatt shared a revelation he had while watching the blockbuster concert film Taylor Swift: The Eras Tour: Its possible to sing t\u2026 [+2972 chars]"}, {"source": {"id": null, "name": "Pitchfork"}, "author": "Matthew Strauss", "title": "Kendrick Lamar and Taylor Swift Re-Record \u201cBad Blood\u201d for 1989 (Taylor\u2019s Version): Listen", "description": "\u201cWatching [Kendrick Lamar] create and record his verses on the Bad Blood remix was one of the most inspiring experiences of my life,\u201d Swift gushed", "url": "https://pitchfork.com/news/kendrick-lamar-and-taylor-swift-re-record-bad-blood-for-1989-taylors-version-listen/", "urlToImage": "https://media.pitchfork.com/photos/653bd83e83f8703158587769/16:9/w_1280,c_limit/Taylor-Swift-Kendrick-Lamar.jpg", "publishedAt": "2023-10-27T15:44:18Z", "content": "Taylor Swifts 1989 (Taylors Version) is out today, and the deluxe edition of the album concludes with a special bonus track: a re-recorded version of the Bad Blood remix, featuring Kendrick Lamar. Wa\u2026 [+1434 chars]"}, {"source": {"id": "business-insider", "name": "Business Insider"}, "author": "Dan DeFrancesco", "title": "The boomer market boon", "description": "Baby Boomers are dominating the economy these days. Here's how you can invest to cash-in on their spending spree.", "url": "https://www.businessinsider.com/news-today-october-30-baby-boomer-investing-strategy-2023-10", "urlToImage": "https://i.insider.com/653c1a710487ff031cb12133?width=1200&format=jpeg", "publishedAt": "2023-10-30T12:52:11Z", "content": "Shutterstock\r\n<ul>\n<li>This post originally appeared in the Insider Today newsletter.</li>\n<li>You can sign up for\u00a0Insider's daily newsletter here.</li>\n</ul>Welcome back. If you still haven't figure\u2026 [+7547 chars]"}, {"source": {"id": null, "name": "Pitchfork"}, "author": "Evan Minsker", "title": "9 New Albums You Should Listen to Now: Taylor Swift, Sofia Kourtesis, and More", "description": "Stream new releases from Taylor Swift, Sofia Kourtesis, the Mountain Goats, Ragana, Shabazz Palaces, Murda Beatz & Shordie Shordie, Ryan Davis & the Roadhouse Band, Mar\u00eda Jos\u00e9 Llergo, and New Age Doom & Tuvaband", "url": "https://pitchfork.com/news/9-new-albums-you-should-listen-to-now-taylor-swift-sofia-kourtesis/", "urlToImage": "https://media.pitchfork.com/photos/653a80b366b57152ef9a7116/16:9/w_1280,c_limit/Taylor-Swift.jpg", "publishedAt": "2023-10-27T12:38:32Z", "content": "With so much good music being released all the time, it can be hard to determine what to listen to first. Every week, Pitchfork offers a run-down of significant new releases available on streaming se\u2026 [+1122 chars]"}, {"source": {"id": null, "name": "Faz.net"}, "author": "Daniel Meuren", "title": "Sportpresseball: Kommt Taylor Swift auch noch in die Alte Oper?", "description": "In den vergangenen Tagen gab es fast nur eine Frage in Frankfurt: Kommt Taylor Swift zum NFL-Spiel am Sonntag zwischen den Kansas City Chiefs und den Miami Dolphins? Nun soll sie wirklich in der Stadt sein \u2013 behauptet zumindest eine Influencerin.", "url": "https://www.faz.net/aktuell/rhein-main/frankfurt/sportpresseball-kommt-taylor-swift-auch-noch-in-die-alte-oper-19291561.html", "urlToImage": "https://media1.faz.net/ppmedia/aktuell/2829730355/1.9291593/facebook_teaser/die-alte-oper-im-regen-taylor.jpg", "publishedAt": "2023-11-04T20:27:46Z", "content": "Einer der ersten, der auf dem Roten Teppich des Sportpresseballs in der Alten Oper die Frage aller Fragen in diesen Frankfurter NFL-Tagen gestellt hat, war Volker Bouffier. K\u00f6nnen Sie mir sagen, ob T\u2026 [+2460 chars]"}, {"source": {"id": null, "name": "Faz.net"}, "author": "Daniel Meuren", "title": "Sportpresseball: Kommt Taylor Swift auch noch in die Alte Oper?", "description": "In den vergangenen Tagen gab es fast nur eine Frage in Frankfurt: Kommt Taylor Swift zum NFL-Spiel zwischen den Kansas City Chiefs und den Miami Dolphins? Nun soll sie wirklich in der Stadt sein \u2013 behauptet zumindest eine Influencerin.", "url": "https://www.faz.net/aktuell/rhein-main/frankfurt/kommt-taylor-swift-auch-noch-in-die-alte-oper-19291561.html", "urlToImage": "https://media1.faz.net/ppmedia/aktuell/2829730355/1.9291593/facebook_teaser/die-alte-oper-im-regen-taylor.jpg", "publishedAt": "2023-11-04T20:27:46Z", "content": "Einer der ersten, der auf dem Roten Teppich des Sportpresseballs in der Alten Oper die Frage aller Fragen in diesen Frankfurter NFL-Tagen gestellt hat, war Volker Bouffier. K\u00f6nnen Sie mir sagen, ob T\u2026 [+2442 chars]"}, {"source": {"id": null, "name": "NPR"}, "author": "Scott Horsley", "title": "The Fed held interest rates steady \u2014 but the fight against inflation is not over yet", "description": "The Federal Reserve left interest rates unchanged Wednesday, but left the door open to additional rate hikes in the future, if necessary, to curb inflation.", "url": "https://www.npr.org/2023/11/01/1209737069/federal-reserve-interest-rates-economy-inflation-jobs-unemployment", "urlToImage": "https://media.npr.org/assets/img/2023/11/01/gettyimages-1158902075_wide-fbfc79637a11f734d76d36e061e9c84bfc9a896f-s1400-c100.jpg", "publishedAt": "2023-11-01T18:01:46Z", "content": "The Fed kept interest rates steady on Wednesday for a second consecutive meeting but will continue to monitor the economy. Fed Chair Jerome Powell (pictured) had previously left the door open for ano\u2026 [+3255 chars]"}, {"source": {"id": "business-insider", "name": "Business Insider"}, "author": "Theron Mohamed", "title": "Mark Zuckerberg's Meta has lost nearly $50 billion on the metaverse - more than Ford, Hershey, or Kraft Heinz are worth", "description": "Facebook-parent Meta has lost $47 billion in its metaverse division in under five years, a sum that's close to the market value of Chipotle or Target.", "url": "https://markets.businessinsider.com/news/stocks/mark-zuckerberg-facebook-meta-stock-metaverse-losses-big-tech-investments-2023-10", "urlToImage": "https://i.insider.com/653b8e5d96f7540cd0676c69?width=1200&format=jpeg", "publishedAt": "2023-10-27T11:08:27Z", "content": "Mark Zuckerberg.Justin Sullivan/Getty\r\n<ul>\n<li>Mark Zuckerberg's Meta has recorded nearly $50 billion of metaverse losses in under five years.</li>\n<li>The division's total loss of $47 billion excee\u2026 [+2830 chars]"}, {"source": {"id": "die-zeit", "name": "Die Zeit"}, "author": "ZEIT ONLINE: News -", "title": "American Football: Super Bowl: NFL-Boss f\u00e4nde Show mit Swift unglaublich", "description": "Hier finden Sie Informationen zu dem Thema \u201eAmerican Football\u201c. Lesen Sie jetzt \u201eSuper Bowl: NFL-Boss f\u00e4nde Show mit Swift unglaublich\u201c.", "url": "https://www.zeit.de/news/2023-11/05/super-bowl-nfl-boss-faende-show-mit-swift-unglaublich", "urlToImage": "https://img.zeit.de/news/2023-11/05/super-bowl-nfl-boss-faende-show-mit-swift-unglaublich-image-group/wide__1300x731", "publishedAt": "2023-11-05T07:25:55Z", "content": "NFL-Boss Roger Goodell hat sich als gro\u00dfer Fan von Musikerin Taylor Swift geoutet und kann sich einen Auftritt der Pop-S\u00e4ngerin beim Super Bowl durchaus vorstellen. \u00abTaylor Swift w\u00e4re ein unglaublich\u2026 [+2292 chars]"}, {"source": {"id": null, "name": "/FILM"}, "author": "staff@slashfilm.com (Ryan Scott)", "title": "Taylor Swift Just Made Box Office History With The Eras Tour", "description": "Taylor Swift: The Eras Tour just became the first concert film in history to top the charts for two consecutive weekends.", "url": "https://www.slashfilm.com/1428780/taylor-swift-the-eras-tour-just-made-box-office-history/", "urlToImage": "https://www.slashfilm.com/img/gallery/taylor-swift-just-made-box-office-history-with-the-eras-tour/l-intro-1698166461.jpg", "publishedAt": "2023-10-24T19:00:51Z", "content": "Taylor Swift is continuing to demonstrate her tremendous star power as the best-selling, Grammy-winning artist just made history at the box office. Last weekend, \"Taylor Swift: The Eras Tour\" debuted\u2026 [+1574 chars]"}, {"source": {"id": null, "name": "TMZ"}, "author": "TMZ Staff", "title": "Taylor Swift and Brittany Mahomes Exchange Numbers, Friendship Not for Show", "description": "The budding friendship between Taylor Swift and Brittany Mahomes isn't just for cameras on Sundays ... they've exchanged phone numbers and they're giving BFF vibes!!! Sources close to Taylor and Brittany tell TMZ ... they swapped digits the first\u2026", "url": "https://www.tmz.com/2023/10/29/taylor-swift-brittany-mahomes-exchange-numbers-friendship-not-just-for-cameras/", "urlToImage": "https://imagez.tmz.com/image/cf/16by9/2023/10/25/cf91a159ff2f4b808c73a0aa99749ffc_xl.jpg", "publishedAt": "2023-10-29T08:00:30Z", "content": "The budding friendship between Taylor Swift and Brittany Mahomes isn't just for cameras on Sundays ... they've exchanged phone numbers and they're giving BFF vibes!!!\r\nSources close to Taylor and Bri\u2026 [+1003 chars]"}, {"source": {"id": null, "name": "Jalopnik"}, "author": "Owen Bellwood", "title": "Taylor Swift Saved Public Transport And Now She's Fixing Airlines Too", "description": "Airlines will usually stop at nothing to squeeze every penny from you when you book to fly with them. But there\u2019s one person who can force their hand and encourage them to scrap change fees for passengers: Ms. Taylor Alison Swift.Read more...", "url": "https://jalopnik.com/taylor-swift-saved-public-transport-and-airlines-too-1851017919", "urlToImage": "https://i.kinja-img.com/image/upload/c_fill,h_675,pg_1,q_80,w_1200/c04a65e47ee03545b29076af4ebd4cf8.jpg", "publishedAt": "2023-11-13T19:50:00Z", "content": "Airlines will usually stop at nothing to squeeze every penny from you when you book to fly with them. But theres one person who can force their hand and encourage them to scrap change fees for passen\u2026 [+2355 chars]"}, {"source": {"id": null, "name": "Boing Boing"}, "author": "Peter Sheridan", "title": "Meghan Markle's \"casting couch\" and an Epstein \"sex slave\" murdered in this week's dubious tabloids", "description": "'National Enquirer'\n\n\n\n\"Natalee's Killer Gets Away With Murder!\" indignantly screams that bastion of truth, justice and the American way, the 'National Enquirer.'\n\n\n\n\"Shameless Meghan Seduces Costner!\"\n\n\n\nJordan Van Der Sloot is already serving 28 years in a \u2026", "url": "https://boingboing.net/2023/10/27/meghan-markles-casting-couch-and-an-epstein-sex-slave-murdered-in-this-weeks-dubious-tabloids.html", "urlToImage": "https://i0.wp.com/boingboing.net/wp-content/uploads/2020/07/tabloids.jpg?fit=1200%2C749&ssl=1", "publishedAt": "2023-10-27T17:17:11Z", "content": "\"Natalee's Killer Gets Away With Murder!\" indignantly screams that bastion of truth, justice and the American way, the 'National Enquirer.'\r\n\"Shameless Meghan Seduces Costner!\"\r\nJordan Van Der Sloot \u2026 [+7540 chars]"}, {"source": {"id": null, "name": "Rolling Stone"}, "author": "Larisha Paul", "title": "A Brazilian Swiftie Went Home With the Heel From Taylor Swift\u2019s Bejeweled Louboutin Boots", "description": "Taylor Swift broke her heel during the 'Lover' segment of her Eras tour show in Rio De Janeiro, Brazil.", "url": "https://www.rollingstone.com/music/music-news/taylor-swift-breaks-heel-eras-tour-1234889861/", "urlToImage": "https://www.rollingstone.com/wp-content/uploads/2023/11/GettyImages-1784813229-1.jpg?w=1600&h=900&crop=1", "publishedAt": "2023-11-21T14:01:26Z", "content": "Months into the Eras tour, Taylor Swift has every moment of the show memorized and prepared. She runs such a tight ship \u2014 there are rarely ever hiccups in her performances from herself or her dancers\u2026 [+1273 chars]"}, {"source": {"id": "buzzfeed", "name": "Buzzfeed"}, "author": "Ivana Peloza", "title": "Get Your Parkas Ready For December 2024 \u2013 Canadian Swifties Haven't Been Able To Focus Since Taylor Swift JUST Announced Three New Concert Dates", "description": "Step 1) Register for Verified Fan Presale on Ticketmaster. Step 2) Look at flights to Vancouver.View Entire Post \u203a", "url": "https://www.buzzfeed.com/ivanapeloza/taylor-swift-adds-three-vancouver-shows-to-the-eras-tour", "urlToImage": "https://img.buzzfeed.com/buzzfeed-static/static/2023-11/2/21/campaign_images/85466e85d9cb/canadian-swifties-this-is-not-a-drill-taylor-swif-3-963-1698961472-1_dblbig.jpg", "publishedAt": "2023-11-02T21:44:37Z", "content": "Wish us Vancouver Swifties a lot of luck, we haven't seen you here since The 1989 World Tour, so its literally been a LONG TIME COMING\r\n (@erastourticks) November 2, 2023"}, {"source": {"id": null, "name": "Rolling Stone"}, "author": "Carita Rizzo", "title": "Taylor Swift Tops \u2018Canceled\u2019 2023 MTV EMA Awards", "description": "Taylor Swift, Nicki Minaj, Jung Kook and Maneskin win big at \u2018canceled\u2019 2023 MTV EMA Awards - see full winners list", "url": "https://www.rollingstone.com/music/music-news/2023-mtv-ema-awards-taylor-swift-full-winners-list-1234870678/", "urlToImage": "https://www.rollingstone.com/wp-content/uploads/2023/11/GettyImages-1680940757.jpg?w=1024&h=683&crop=1", "publishedAt": "2023-11-06T09:32:12Z", "content": "Taylor Swift would have been the big winner of the night, had the 2023 MTV EMAs gone forward as planned on Nov. 5. Just two weeks before the show was to take place in Paris, MTV\u00a0canceled the awards, \u2026 [+5481 chars]"}, {"source": {"id": "die-zeit", "name": "Die Zeit"}, "author": "ZEIT ONLINE: News -", "title": "American Football: NFL-Vollmer: Swift-Ger\u00fcchte lenken nicht vom Sport ab", "description": "Hier finden Sie Informationen zu dem Thema \u201eAmerican Football\u201c. Lesen Sie jetzt \u201eNFL-Vollmer: Swift-Ger\u00fcchte lenken nicht vom Sport ab\u201c.", "url": "https://www.zeit.de/news/2023-11/05/nfl-vollmer-swift-geruechte-lenken-nicht-vom-sport-ab", "urlToImage": "https://img.zeit.de/news/2023-11/05/nfl-vollmer-swift-geruechte-lenken-nicht-vom-sport-ab-image-group/wide__1300x731", "publishedAt": "2023-11-05T07:16:20Z", "content": "Die Ger\u00fcchte rund um Taylor Swift sind laut des zweimaligen Super-Bowl-Gewinners Sebastian Vollmer f\u00fcr die NFL-Spiele in Frankfurt keine Ablenkung vom Sportlichen. \u00abWir sind im Entertainment-Business\u2026 [+1897 chars]"}, {"source": {"id": "bleacher-report", "name": "Bleacher Report"}, "author": "Erin Walsh", "title": "Report: Travis Kelce, Taylor Swift's Parents Expected to Meet at Eagles vs. Chiefs", "description": "Travis Kelce and Taylor Swift appear to be taking the next step in their relationship. The parents of the Chiefs tight end and world-renowned\u2026", "url": "https://bleacherreport.com/articles/10097500-report-travis-kelce-taylor-swifts-parents-expected-to-meet-at-eagles-vs-chiefs", "urlToImage": "https://media.bleacherreport.com/image/upload/c_fill,g_faces,w_3800,h_2000,q_95/v1700078711/jlumw88suggquldrbdpw.jpg", "publishedAt": "2023-11-15T20:19:58Z", "content": "Alex Grimm/Getty Images\r\nTravis Kelce and Taylor Swift appear to be taking the next step in their relationship.\r\nThe parents of the Chiefs tight end and world-renowned singer/songwriter are expected \u2026 [+1704 chars]"}, {"source": {"id": "bleacher-report", "name": "Bleacher Report"}, "author": "Doric Sam", "title": "Philadelphia Radio Station Won't Play Taylor Swift Songs Ahead of Eagles vs. Chiefs", "description": "While pop superstar Taylor Swift is a native of Pennsylvania and grew up a Philadelphia Eagles fan, her allegiance to Kansas City Chiefs star tight end Travis\u2026", "url": "https://bleacherreport.com/articles/10097655-philadelphia-radio-station-wont-play-taylor-swift-songs-ahead-of-eagles-vs-chiefs", "urlToImage": "https://media.bleacherreport.com/image/upload/c_fill,g_faces,w_3800,h_2000,q_95/v1700165471/yh9ba01tsszzzlijhbe9.jpg", "publishedAt": "2023-11-16T20:29:46Z", "content": "AP Photo/Ed Zurga\r\nWhile pop superstar Taylor Swift is a native of Pennsylvania and grew up a Philadelphia Eagles fan, her allegiance to Kansas City Chiefs star tight end Travis Kelce caused her home\u2026 [+1491 chars]"}, {"source": {"id": null, "name": "The A.V. Club"}, "author": "Matt Schimkowitz", "title": "Taylor Swift\u2019s \u201cCruel Summer\u201d hits No.1 on Hot 100 because we don't have seasons anymore", "description": "Taylor Swift, perhaps, in between securing the top spot at the American box office for the second week and weeping at the breadth of her domain for there are no more worlds left to conquer, has made another startling step towards world domination. Four years \u2026", "url": "https://www.avclub.com/taylor-swift-s-cruel-summer-hits-no-1-on-hot-100-1850952329", "urlToImage": "https://i.kinja-img.com/image/upload/c_fill,h_675,pg_1,q_80,w_1200/dfe2a7925407f602f1cad8cb73a38fc2.png", "publishedAt": "2023-10-24T03:39:50Z", "content": "Taylor Swift, perhaps, in between securing the top spot at the American box office for the second week and weeping at the breadth of her domain for there are no more worlds left to conquer, has made \u2026 [+1438 chars]"}, {"source": {"id": null, "name": "TMZ"}, "author": "TMZ Staff", "title": "Taylor Swift and Travis Kelce Make Out After Argentina Concert", "description": "Don't cry for Taylor Swift in Argentina ... she had an amazing show Saturday night, after which she passionately made out with her man. We've seen Trace Kelce and Taylor hold hands, wrap their arms around each other, etc, but this is the first big\u2026", "url": "https://www.tmz.com/2023/11/12/taylor-swift-travis-kelce-make-out-kiss-concert-argentina/", "urlToImage": "https://imagez.tmz.com/image/67/16by9/2023/11/12/672c43fa12b246b09d7030347042366e_xl.jpg", "publishedAt": "2023-11-12T13:36:32Z", "content": "Don't cry for Taylor Swift in Argentina ... she had an amazing show Saturday night, after which she passionately made out with her man.\r\nWe've seen Trace Kelce and Taylor hold hands, wrap their arms \u2026 [+1618 chars]"}, {"source": {"id": null, "name": "The A.V. Club"}, "author": "William Hughes", "title": "Taylor Swift postpones Brazil concert after fan dies amidst \"extreme temperatures\"", "description": "Taylor Swift has announced that she\u2019s postponing a concert scheduled for tonight in Rio de Janeiro, after a fan died after attending her concert on Friday night in the city. Rio is currently experiencing record heat waves that have generated a heat index (i.e\u2026", "url": "https://www.avclub.com/taylor-swift-postpones-brazil-concert-after-fan-dies-am-1851033976", "urlToImage": "https://i.kinja-img.com/image/upload/c_fill,h_675,pg_1,q_80,w_1200/10922eba8ee572bf1226e0e0f8e1b4fd.jpg", "publishedAt": "2023-11-19T01:12:00Z", "content": "Taylor Swift has announced that shes postponing a concert scheduled for tonight in Rio de Janeiro, after a fan died after attending her concert on Friday night in the city. Rio is currently experienc\u2026 [+1612 chars]"}, {"source": {"id": null, "name": "Pitchfork"}, "author": "Pitchfork", "title": "Taylor Swift, Brent Faiyaz, Silvana Estrada, and More: This Week\u2019s Pitchfork Selects Playlist", "description": "Our weekly playlist highlights songs that our writers, editors, and contributors are listening to on repeat", "url": "https://pitchfork.com/news/taylor-swift-brent-faiyaz-silvana-estrada-this-week-pitchfork-selects-playlist/", "urlToImage": "https://media.pitchfork.com/photos/653c14f2ba11523c201b6276/16:9/w_1280,c_limit/selects-oct-halftone_10-30%20header.png", "publishedAt": "2023-10-30T12:55:43Z", "content": "The staff of Pitchfork listens to a lot of new music. A lot of it. On any given day our writers, editors, and contributors go through an imposing number of new releases, giving recommendations to eac\u2026 [+1075 chars]"}, {"source": {"id": null, "name": "Pitchfork"}, "author": "Evan Minsker", "title": "Taylor Swift Lands Biggest Sales Week of Her Career With 1989 (Taylor\u2019s Version)", "description": "The album\u2019s No. 1 debut on the Billboard 200 is the best an album has done in sales subce Adele\u2019s 25", "url": "https://pitchfork.com/news/taylor-swift-lands-biggest-sales-week-of-her-career-with-1989-taylors-version/", "urlToImage": "https://media.pitchfork.com/photos/6547fbb8c1dfc8098dc9890b/16:9/w_1280,c_limit/taylor-swift.jpg", "publishedAt": "2023-11-05T20:32:46Z", "content": "Taylor Swift, who has had 13 albums debut at No. 1 since 2008s Fearless, once again has the No. 1 album in America with the release of 1989 (Taylors Version). Its also her biggest sales week ever, wi\u2026 [+648 chars]"}, {"source": {"id": null, "name": "Pitchfork"}, "author": "Nina Corcoran", "title": "Taylor Swift Fan Dies at Rio de Janeiro Concert During Heat Wave", "description": "The pop star stopped the show twice to ask the venue to hand out more water, at times taking it upon herself to throw bottles to fans", "url": "https://pitchfork.com/news/taylor-swift-fan-dies-at-rio-de-janeiro-concert-during-heat-wave/", "urlToImage": "https://media.pitchfork.com/photos/6558d75961d0f7acf5b00e77/16:9/w_1280,c_limit/Screen%20Shot%202023-11-18%20at%2010.24.25%20AM.png", "publishedAt": "2023-11-18T15:27:29Z", "content": "Ana Clara Benevides, a 23-year-old fan and psychology student, died at Taylor Swifts Rio de Janeiro concert at Est\u00e1dio Nilton Santos last night (November 17) during a record-breaking heat wave, repor\u2026 [+2281 chars]"}, {"source": {"id": null, "name": "Pitchfork"}, "author": "Evan Minsker", "title": "Grammy Nominations 2024: Taylor Swift, SZA, Phoebe Bridgers, and Victoria Mon\u00e9t Lead Nominees", "description": "Billie Eilish, Olivia Rodrigo, and Miley Cyrus also netted multiple nominations this year", "url": "https://pitchfork.com/news/grammy-nominations-2024-taylor-swift-sza-phoebe-bridgers-and-victoria-monet-lead-nominees/", "urlToImage": "https://media.pitchfork.com/photos/654dc66b56664895b471b3ca/16:9/w_1280,c_limit/taylor-swift-sza-phoebe-bridgers-victoria-monet.jpg", "publishedAt": "2023-11-10T16:19:51Z", "content": "The nominees for the 2024 Grammy Awards have been announced. SZA landed the most nominations this year with nine total. Shes followed by Victoria Mon\u00e9t and producer Serban Ghenea, who each have seven\u2026 [+2188 chars]"}, {"source": {"id": null, "name": "Pitchfork"}, "author": "Nina Corcoran", "title": "Taylor Swift Earns 10th No. 1 Song With \u201cCruel Summer,\u201d Reaches Singles Chart Milestone", "description": "She\u2019s tied with Stevie Wonder and Janet Jackson for ninth place for the most No. 1 songs on the Billboard Hot 100", "url": "https://pitchfork.com/news/taylor-swift-earns-10th-no-1-song-with-cruel-summer-reaches-singles-chart-milestone/", "urlToImage": "https://media.pitchfork.com/photos/6536ff9697508fa5f2f7b27b/16:9/w_1280,c_limit/GettyImages-1637208780.jpg", "publishedAt": "2023-10-23T23:23:30Z", "content": "Taylor Swift has landed her 10th No. 1 song on the Billboard Hot 100 chart with Cruel Summer. With that, shes now tied with Stevie Wonder and Janet Jackson for ninth place for the most No. 1 songs on\u2026 [+1261 chars]"}, {"source": {"id": null, "name": "Quartz India"}, "author": "Morgan Haefner", "title": "The Taylor Swift economy: Red hot", "description": "How music\u2019s most iconic name became a GDP star", "url": "https://qz.com/emails/quartz-obsession/1850978192/the-taylor-swift-economy-red-hot", "urlToImage": "https://i.kinja-img.com/image/upload/c_fill,h_675,pg_1,q_80,w_1200/b7917663c508a371e55f2ecc6fae997c.gif", "publishedAt": "2023-11-01T19:45:00Z", "content": "The Taylor Swift Effect \r\nIts Taylor Swifts economy, and were all just buying into it.\r\nIn case you were unaware, the 33-year-old singer-songwriter has, among other things: redefined music ownership \u2026 [+7455 chars]"}, {"source": {"id": "bleacher-report", "name": "Bleacher Report"}, "author": "Joseph Zucker", "title": "TMZ: Travis Kelce, Taylor Swift Dating 'Overwhelming' for Jason, Mom Donna and Family", "description": "Kansas City Chiefs tight end Travis Kelce's relationship with Taylor Swift has been an adjustment for the entire Kelce family, according to TMZ Sports.\u2026", "url": "https://bleacherreport.com/articles/10095508-tmz-travis-kelce-taylor-swift-dating-overwhelming-for-jason-mom-donna-and-family", "urlToImage": "https://media.bleacherreport.com/image/upload/x_8,y_58,w_1786,h_1190,c_crop/c_fill,g_faces,w_3800,h_2000,q_95/v1698761798/ptqkmegssukz9gbqj0ex.jpg", "publishedAt": "2023-10-31T14:35:29Z", "content": "MEGA/GC Images\r\nKansas City Chiefs tight end Travis Kelce's relationship with Taylor Swift has been an adjustment for the entire Kelce family, according to TMZ Sports.\r\n\"Sources with direct knowledge\u2026 [+1529 chars]"}, {"source": {"id": null, "name": "TMZ"}, "author": "TMZ Staff", "title": "Taylor Swift Money Jar Goes Viral, Husband Makes Wife Pay For Taylor Talk", "description": "A husband's going viral for putting a Taylor Swift tip jar in his house, and making his wife pay up for every mention of the pop star OR her boyfriend, Travis Kelce! Maryland resident Dana Rice shared the clip of her hubby's new \"invention,\"\u2026", "url": "https://www.tmz.com/2023/11/09/taylor-swift-money-jar-viral-husband-wife-pay-talk-singer-travis-kelce/", "urlToImage": "https://imagez.tmz.com/image/e0/16by9/2023/11/09/e05dd6d3a13342cbab74c1ec5399004b_xl.jpg", "publishedAt": "2023-11-09T15:10:58Z", "content": "A husband's going viral for putting a Taylor Swift tip jar in his house, and making his wife pay up for every mention of the pop star OR her boyfriend, Travis Kelce!\r\nMaryland resident Dana Rice shar\u2026 [+1150 chars]"}, {"source": {"id": null, "name": "TMZ"}, "author": "TMZ Staff", "title": "Taylor Swift Seemingly Struggles to Breathe During Brazil Concert", "description": "Taylor Swift was seemingly gasping for air during her sweltering hot concert in Brazil, freaking out some of her fans. The pop superstar performed for hours in nearly 100-degree heat Friday night at Estadio Nilton Santos stadium in Rio de Janeiro\u2026", "url": "https://www.tmz.com/2023/11/19/taylor-swift-seemingly-struggles-breathe-friday-concert-brazil/", "urlToImage": "https://imagez.tmz.com/image/80/16by9/2023/11/19/80ea2c7b53d0411d8e433f84242cdec8_xl.jpg", "publishedAt": "2023-11-19T14:02:09Z", "content": "Taylor Swift was seemingly gasping for air during her sweltering hot concert in Brazil, freaking out some of her fans.\r\nThe pop superstar performed for hours in nearly 100-degree heat Friday night at\u2026 [+1419 chars]"}, {"source": {"id": null, "name": "TMZ"}, "author": "TMZ Staff", "title": "Taylor Swift Debuts On Brittany Mahomes' Instagram W/ Boozy Photo", "description": "Taylor Swift and Brittany Mahomes' friendship is Instagram official ... 'cause the wife of the Chiefs superstar QB finally shared a personal pic from their weekend in NYC where the singer spent some quality time with a few fellow K.C. WAGS! Of\u2026", "url": "https://www.tmz.com/2023/11/07/taylor-swift-debuts-brittany-mahomes-instagram-sips-champagne-chiefs-wags/", "urlToImage": "https://imagez.tmz.com/image/f1/16by9/2023/11/07/f1db3967903c48c1ab91f5808c528260_xl.jpg", "publishedAt": "2023-11-07T22:17:26Z", "content": "Taylor Swiftand Brittany Mahomes' friendship is Instagram official ... 'cause the wife of the Chiefs superstar QB finally shared a personal pic from their weekend in NYC where the singer spent some q\u2026 [+1421 chars]"}, {"source": {"id": null, "name": "TMZ"}, "author": "TMZ Staff", "title": "Taylor Swift 'Eras' Film Review Goes Viral for Ridiculous Criticism", "description": "Taylor Swift's 'Eras' film got torched by a critic who likened her movie to the downfall of society as we know it -- and all we can say about this over-the-top piece is ... holy crap. This critique -- which is now going viral, for all the wrong\u2026", "url": "https://www.tmz.com/2023/10/21/taylor-swift-eras-film-review-viral-conservative-criticism/", "urlToImage": "https://imagez.tmz.com/image/61/16by9/2023/10/21/615cddbed6ee43ea9f8f65f398794839_xl.jpg", "publishedAt": "2023-10-21T21:02:27Z", "content": "Taylor Swift's 'Eras' film got torched by a critic who likened her movie to the downfall of society as we know it -- and all we can say about this over-the-top piece is ... holy crap.\r\nThis critique \u2026 [+2421 chars]"}, {"source": {"id": null, "name": "Stereogum"}, "author": "Danielle Chelosky", "title": "Taylor Swift Mourns Fan Who Died Before Rio Concert", "description": "Taylor Swift has been on the international leg of The Eras Tour. On Friday night, she performed in Rio de Janeiro, Brazil at the Nilton Santos stadium. Many fans fell ill due to the heatwave, with a heat index of 140\u00b0 Fahrenheit, and one concertgoer died of c\u2026", "url": "https://www.stereogum.com/2243134/taylor-swift-mourns-fan-who-died-before-rio-concert/news/", "urlToImage": "https://static.stereogum.com/uploads/2023/11/swift-1700319796.jpeg", "publishedAt": "2023-11-18T15:10:47Z", "content": "Taylor Swift has been on the international leg of The Eras Tour. On Friday night, she performed in Rio de Janeiro, Brazil at the Nilton Santos stadium. Many fans fell ill due to the heatwave, with a \u2026 [+1220 chars]"}, {"source": {"id": null, "name": "Stereogum"}, "author": "Chris DeVille", "title": "Taylor Swift\u2019s \u201cCruel Summer\u201d Hits #1 Four Years After Release", "description": "When Taylor Swift released Lover in the summer of 2019, Swifties quickly identified the surging synth-pop track \u201cCruel Summer\u201d as the album\u2019s most obvious hit. But the song was never released as a single, and then COVID struck, and then suddenly Swift had sev\u2026", "url": "https://www.stereogum.com/2240089/taylor-swifts-cruel-summer-hits-1-four-years-after-release/news/", "urlToImage": "https://static.stereogum.com/uploads/2023/10/23UM1IM30517.rgb_-1698083514-scaled.jpg", "publishedAt": "2023-10-23T18:05:47Z", "content": "When Taylor Swift released Lover in the summer of 2019, Swifties quickly identified the surging synth-pop track \u201cCruel Summer\u201d as the album\u2019s most obvious hit. But the song was never released as a si\u2026 [+1668 chars]"}, {"source": {"id": null, "name": "Rolling Stone"}, "author": "Tom\u00e1s Mier", "title": "Taylor Swift Seemingly Teases Coffee-Themed \u2018From the Vault\u2019 Lyrics Ahead of \u20181989 TV\u2019 Release", "description": "On Tuesday, Taylor Swift shared handwritten lyrics that fans think are from a 'From the Vault' track on '1989 (Taylor's Version).'", "url": "https://www.rollingstone.com/music/music-news/taylor-swift-teases-1989-taylors-version-lyrics-1234861679/", "urlToImage": "https://www.rollingstone.com/wp-content/uploads/2023/10/GettyImages-1730743112.jpeg?w=1600&h=900&crop=1", "publishedAt": "2023-10-24T23:25:36Z", "content": "This one is for the \u201clonely Starbucks lovers\u201d conspiracists. On Tuesday, days before Taylor Swift is set to release her 1989 (Taylor\u2019s Version), the singer shared a photo of what seems to be handwrit\u2026 [+2396 chars]"}, {"source": {"id": null, "name": "Rolling Stone"}, "author": "Elisabeth Garber-Paul", "title": "Why Are People So Obsessed With Taylor Swift and Travis Kelce? Rolling Stone Staff Has Theories", "description": "Rolling Stone staffers offer their own theories as to why everyone is so obsessed with Taylor Swift and Travis Kelce's relationship.", "url": "https://www.rollingstone.com/culture/culture-lists/taylor-swift-travis-kelce-relationship-mania-rolling-stone-staff-theories-1234879881/", "urlToImage": "https://www.rollingstone.com/wp-content/uploads/2023/11/taylor-swift-travis-kelce-rs-staff.jpg?w=1600&h=900&crop=1", "publishedAt": "2023-11-16T19:33:48Z", "content": "Taylor Swift built her illustrious career writing intimate songs about her life which often centered around romantic love and its maddening journey. It\u2019s no wonder, then, that Swifties (especially th\u2026 [+5397 chars]"}, {"source": {"id": null, "name": "Justcreative.com"}, "author": "Jacob Cass", "title": "Taylor Swift Fonts Identified + Free Alternatives", "description": "Explore the captivating world of Taylor Swift fonts, enhancing the visual impact of her music. Discover how typography elevates her musical artistry.", "url": "https://justcreative.com/taylor-swift-fonts/", "urlToImage": "https://justcreative.com/wp-content/uploads/2023/10/taylor-swift-fonts-header.png", "publishedAt": "2023-10-30T03:25:04Z", "content": "We all know Taylor Swift for her incredible vocal talents, but there\u2019s another hidden gem in her artistic toolbox that often goes unnoticed \u2013 her designer\u2019s extraordinary ability to choose the perfec\u2026 [+8738 chars]"}, {"source": {"id": null, "name": "Rolling Stone"}, "author": "Daniel Kreps", "title": "See Taylor Swift Debut \u2018Suburban Legends,\u2019 Unearth \u2018Stay Beautiful\u2019 at Rio Show", "description": "Taylor Swift dug out another pair of deep cuts in Rio De Janeiro Friday as the singer performed \"Suburban Legends\" and \"Stay Beautiful.\"", "url": "https://www.rollingstone.com/music/music-news/taylor-swift-suburban-legends-stay-beautiful-rio-show-1234886433/", "urlToImage": "https://www.rollingstone.com/wp-content/uploads/2023/11/GettyImages-1788616546.jpg?w=1600&h=900&crop=1", "publishedAt": "2023-11-18T14:04:32Z", "content": "Taylor Swift dug out another pair of deep cuts at the Eras Tour\u2019s first night in Rio De Janeiro Friday as the singer delivered the live debut of \u201cSuburban Legends\u201d as well as the first performance of\u2026 [+2603 chars]"}, {"source": {"id": null, "name": "Rolling Stone"}, "author": "Carita Rizzo", "title": "Watch Taylor Swift Debut \u2018Bigger Than the Whole Sky\u2019 in Rio", "description": "Taylor Swift live debuted \u2018Bigger Than the Whole Sky\u2019 at her Eras Tour concert in Rio de Janeiro on Sunday night.", "url": "https://www.rollingstone.com/music/music-news/taylor-swift-bigger-than-the-whole-sky-rio-de-janeiro-1234886862/", "urlToImage": "https://www.rollingstone.com/wp-content/uploads/2023/11/GettyImages-1788615625.jpg?w=1024&h=683&crop=1", "publishedAt": "2023-11-20T11:19:29Z", "content": "Sunday night was an emotional one for Taylor Swift, as she returned to the stage after the\u00a0death of a fan\u00a0prior to her concert in Rio de Janeiro on Friday. Although Swift did not specifically mention\u2026 [+2313 chars]"}]}