Title	Description	Published At
Taylor Swift appears out of breath at Rio concert	Video showed the singer gasping for air in between songs during her performance in the stifling heat.	2023-11-19T17:32:26Z
Taylor Swift and Barbie take over this Halloween	From Utah to Massachusetts, pop culture references have turned this year’s spooky season pink.	2023-10-31T18:18:04Z
Apple HomePods now have native YouTube Music support	The Venn diagram of HomePod   owners and YouTube Music   subscribers probably doesn't have a lot of overlap. However, those who use both Apple's speakers and Google's music streaming service may be pleased to learn that the two now play more nicely together. …	2023-10-23T18:04:28Z
Taylor Swift Named Apple Music's Artist of the Year	"Apple today announced that Taylor Swift has been named Apple Music's Artist of the Year for 2023 after reaching ""a new realm of superstardom this year.""      Swift released a new album last month called 1989 (Taylor's Version), and she has been on tour this y…"	2023-11-08T16:15:03Z
There's one thing Taylor Swift isn't talking about	Taylor Swift is a billionaire after her Eras Tour and movie boosted her 2023 net worth. The pop star's brand benefits from her downplaying her wealth.	2023-11-01T09:24:01Z
A Taylor Swift song is the best investment advice for 2024, Goldman Sachs says	This isn't the first time Taylor Swift has occupied the head space of Wall Street forecasters and economists this year.	2023-11-15T15:39:00Z
"A Taylor Swift Airbnb is a bachelorette dream home where megafans can bask in her ""Eras"" for up to $1,400 a night"	"You can rent this Taylor Swift Airbnb in Scottsdale, Arizona. Each room is devoted to a different era, from ""Reputation"" to ""Lover"" to ""Folklore."""	2023-11-01T15:29:50Z
The Out-of-Touch Adults’ Guide to Kid Culture: Gen Z Goes to Work, Finds It Time-Consuming	This week, the whole internet is talking about one young woman’s journey into career disillusionment—specifically, her shocking discovery (shared via TikTok) that having a job cuts into your personal time in a major way. Meanwhile, youth in Britain are using …	2023-10-27T15:01:43Z
Taylor Swift accused of witchcraft by MAGA pastor Hank Kunneman	Hank Kunneman is employed as a MAGA pastor. It's not bad work if you can stomach spouting uncreative and discredited conspiracy theories to dimwitted, credulous, and perpetually enraged Trump worshippers. If you know who Kunneman is, you probably remember him…	2023-11-06T23:30:56Z
A movie theater staffer describes what it was like to work Taylor Swift's Eras Tour film premiere, which was so loud it blew out 2 amps	Taylor Swift's Eras Tour film was so loud it blew the sound system in one theater.	2023-10-21T11:59:01Z
Gen Z's financial icons revealed: Taylor Swift beats Warren Buffett, and Bill Gates tops the list	Bill Gates, Beyoncé, and Oprah Winfrey made the list of people who embody financial success for Gen Z, according to a new survey of college students.	2023-11-04T08:56:01Z
Dolly Parton, Taylor Swift, and more celebrities with species named after them	Some scientists love naming new species after celebrities. From David Bowie's spider to Dolly Parton's lichen, here are famously named species.	2023-11-12T12:47:02Z
The Meaning Behind Taylor Swift’s 1989 Vault Track ‘Slut!’	"Taylor Swift boldly reclaims a word that's been hurled at her in 1989 (Taylor's Version), with ""Slut!"""	2023-10-27T17:13:51Z
The Biggest Snubs and Surprises of the 2024 Grammy Nominations	SZA, Taylor Swift, Victoria Monét, and Phoebe Bridgers are among the most nominated artists at the 2024 Grammy Awards.	2023-11-10T17:32:53Z
Taylor Swift Postpones Rio Concert Amid Safety Concerns Following Fan’s Death	Taylor Swift took to social media on Saturday evening to announce that she was postponing her concert, amid concerns over safety.	2023-11-19T13:07:57Z
A Ranking of Taylor Swift’s ‘From the Vault’ Songs	With each re-recorded album, Taylor Swift has also released songs that almost made the cut. Here are our favorite 'From the Vault' tracks.	2023-10-25T15:30:13Z
Why do people think Taylor Swift secretly wrote Henry Cavill’s new spy movie?	Argylle stars Henry Cavill and Dua Lipa and is based on a book by author Elly Conway — who Taylor Swift fans are convinced is the pop superstar herself.	2023-10-24T14:00:00Z
Taylor Swift Sets Grammy Awards Record With ‘Anti-Hero’ Nomination	The “Midnights” singer received six nominations in all.	2023-11-10T22:14:39Z
Taylor Swift’s ‘All You Had To Do Was Stay’ Is Criminally Underrated	It's time to reassess the track from Taylor Swift's 1989, which is set to be rereleased on Oct. 27.	2023-10-26T14:43:39Z
Innovative Ways to Demand an N.B.A. Trade	If you want attention for your cause, just ask Taylor Swift for help. The Swifties will rally behind whatever she posts.	2023-10-23T16:06:21Z
CBS Shows Just How Much Taylor Swift Affects Travis Kelce’s Game	The Chiefs tight end averages 99 receiving yards a game when the singer is in attendance, versus 46.5 yards when she’s a no-show.	2023-10-23T17:52:34Z
"16 Hilarious Fails From The Internet This Week That Will Make You Laugh So Hard You'll Be Texting This Article To Your Friends Saying ""You Have To Look At This"""	I had to include the Taylor Swift pumpkin because I have been thinking about it every day.View Entire Post ›	2023-10-30T20:25:23Z
Taylor Swift named the Apple Music Artist of the Year: ‘2023 (Taylor’s Version)’	Apple has named Taylor Swift the Apple Music Artist of the Year for 2023. “Across the charts, streams, and concert stadiums filled with screaming, bracelet-wearing super fans, Swift undeniably reached a new realm of superstardom this year,” Apple explains.   …	2023-11-08T16:14:01Z
Taylor Swift gets 'heavenly' welcome from Christ the Redeemer	The famous statue in Rio de Janeiro is illuminated as the global pop sensation arrives on her Eras tour.	2023-11-17T17:03:39Z
Elon Musk appears to have given up on trying to camouflage his private-jet travels with an FAA program used by Jeff Bezos and Taylor Swift	Elon Musk had signed up for the FAA's PIA program that allows private jet owners to fly incognito, but he appears to have stopped using it for now.	2023-10-28T09:07:01Z
The Hottest Costume This Halloween? The All-American Couple	What this year's most popular Halloween costumes say about our current attitudes	2023-10-27T22:22:06Z
Tras arrasar con su gira, su película y ser la reina del streaming, Taylor Swift consigue un nuevo hito: ser milmillonaria	Taylor Swift ha conseguido postrar a sus pies a toda una legión de fans en todo el mundo, pero lo más importante, es que también lo ha hecho con la industria de la música. <!-- BREAK 1 --> Tras arrasar con la gira, triunfar en las salas con un… ¿cineconcierto…	2023-11-06T19:31:29Z
Nuevo choque entre Taylor Swift y las discográficas: los contratos cambian para evitar que otros artistas sigan sus pasos	Cuando Taylor Swift anunció en 2021 que iba a regrabar todos los discos que editó con Big Machine Records, su decisión fue recibida con cierto excepticismo, ya que la artista estaba en medio de una cruenta guerra por la recuperación de sus masters y se entend…	2023-10-31T13:01:55Z
WATCH: Taylor Swift and Travis Kelce share a kiss after her Buenos Aires concert	Video shows the singer and Chiefs’ tight end embracing each other after her show.	2023-11-12T21:41:20Z
Taylor Swift earnings visualized with bracelet beads	Bloomberg estimates that Taylor Swift reached billionaire status with her recent touring and music releases. Swift achieved the milestone mostly with music. Bloomberg provides the visual splits wit…	2023-10-30T09:43:48Z
Taylor Swift postpones Rio de Janeiro concert after death of fan	The US pop star says she is putting safety first after temperatures in the Brazilian city reached 39.1C.	2023-11-18T22:22:23Z
Taylor Swift defeats Taylor Swift, also everybody else, with sales for 1989 (Taylor's Version)	Taylor Swift has now officially beaten pretty much the only person on the planet giving her a real fight for pop music dominance at the moment: Herself. This is per Deadline, reporting on the first serious sales numbers for Swift’s latest release, the (Taylor…	2023-11-05T22:41:00Z
Google sues two men who sent out fake copyright takedowns	Google claims that two men used fraudulent copyright takedown notices to target 620,000 URLs in its search index, and has filed a lawsuit in California accusing them of sabotaging their competitors and trying to damage the search engine's business. Nguyen Van…	2023-11-14T15:28:20Z
How Marc Andreessen is like Robert Moses: ‘It’s time to build’ AI  | The AI Beat	Marc Andreessen and Robert Moses both said 'It's time to build.' But are the Techno-Optimists destined for a Moses-style reckoning?	2023-10-23T16:14:04Z
Apple’s Journal app is kind of smart — and kind of basic	Apple Journal comes with iOS 17.2 and includes features for saving photos, video, text, and more. It also includes a suggestions API that uses AI to try and guess which moments matter most.	2023-10-28T13:15:00Z
This Spotify hack transformed my music — thanks to Taylor Swift	In the world of music streaming, every note and nuance counts. And thanks to Taylor Swift, indirectly, I've found a hidden setting that you need to turn OFF to have the best experience with your music on Spotify.	2023-10-27T16:15:04Z
Cuando compras una entrada Ticketmaster se lleva una comisión. Y ahora cuando la revendes, también	El nuevo sistema de reventa de entradas de Ticketmaster, fan-to-fan, ha llegado recientemente a España tras un polémico recorrido en Estados Unidos. Algunos fans que han intentado comprar entradas una vez agotadas protestan por algunas condiciones que conside…	2023-10-27T11:33:38Z
Boygenius, Olivia Rodrigo, and Miley Cyrus Nominated for Record of the Year at 2024 Grammys	SZA, Taylor Swift, Billie Eilish, Victoria Monét, and Jon Batiste are also up for the award	2023-11-10T16:15:49Z
Apple Music celebrates Taylor Swift as the Artist of the Year for 2023	Taylor Swift has been named Apple Music's 2023 Artist of the Year, setting record-breaking milestones and receiving the prestigious Apple Music Award.Throughout the year, Swift achieved remarkable feats such as chart-topping songs, massive streaming numbers, …	2023-11-08T16:30:29Z
14 Celebs Who Have Literally Offered Their Homes, Money, And Other Resources To Other Celebs	When Taylor Swift first bought her NYC penthouse in 2014, her then-close friend Karlie Kloss stayed over often enough that she essentially had her own room. It had a basket of Karlie's favorite Whole Foods snacks and pictures of her on the wall.View Entire Po…	2023-10-26T16:16:02Z
Report: Taylor Swift’s Parents Dating Travis Kelce’s Parents	NASHVILLE, TN—In the latest relationship development that fans of the power couple called “adorable,” sources confirmed Thursday that Taylor Swift and Travis Kelce’s parents were dating. “Andrea, Scott, Donna, and Ed are all absolutely smitten with each other…	2023-11-16T19:00:00Z
Billie Eilish, Dua Lipa, and SZA Nominated for Song of the Year at 2024 Grammys	Taylor Swift, Olivia Rodrigo, Lana Del Rey, Jon Batiste, and Miley Cyrus round out the nominees this year	2023-11-10T16:09:55Z
Taylor Swift has Illuminati money now	Taylor Swift is officially a billionaire now, and her Eras Tour has added an estimated $4.3 billion to the U.S. gross domestic product this year	2023-10-27T23:33:00Z
Can ‘Taylor Swift: The Eras Tour’ Turn a Non-Swiftie? We Put It to the Test	A Rolling Stone editor and self-admitted non Taylor Swift fan reviews the ‘Taylor Swift: The Eras Tour.'	2023-10-23T16:00:00Z
Nvidia boss Jensen Huang joked that Jackie Chan should play him in a movie	"""I'll do my own stunts, yeah. I'll do all my own typing,"" Nvidia CEO Jensen Huang joked."	2023-11-06T06:03:33Z
8 Famous Songs Where the Singer Is Clearly Lying to Us	We see through you, Taylor Swift. All the clues are there	2023-11-18T13:00:00Z
Musik: Popstar Taylor Swift stellt weiteren Spotify-Rekord auf	Hier finden Sie Informationen zu dem Thema „Musik“. Lesen Sie jetzt „Popstar Taylor Swift stellt weiteren Spotify-Rekord auf“.	2023-10-29T00:03:17Z
Musik: Taylor Swift bricht mit neuem Album eigenen Rekord	Hier finden Sie Informationen zu dem Thema „Musik“. Lesen Sie jetzt „Taylor Swift bricht mit neuem Album eigenen Rekord“.	2023-11-06T07:16:52Z
Jack Antonoff Chats, Bleachers Perform “Modern Girl” on Fallon: Watch	As well as giving the single its TV debut, Antonoff discussed working with Taylor Swift and made an impromptu song with Jimmy Fallon	2023-11-02T13:15:22Z
Amerikanischer Verlag stellt Taylor-Swift-Reporter ein	Er soll über genau ein Thema berichten: Taylor Swift. In einer viel beachteten Anzeige hatte ein US-Verlag vor einigen Wochen einen Reporter gesucht, der sich ausschließlich der Sängerin widmet – nun ist der Job vergeben.	2023-11-08T16:25:00Z
Taylor Swift swerves expectations again with new 1989 track “Slut!”	The prologue to 1989 (Taylor’s Version) explains exactly the kind of scrutiny that the original 1989 album was made under. “I had become the target of slut shaming—the intensity and relentlessness of which would be criticized and called out if it happened tod…	2023-10-27T15:34:00Z
Drake shouts out Taylor Swift on surprise release	Well, it looks like Drake’s tummy isn’t hurting so much anymore. Just weeks after announcing he’d be taking an extended break from music to deal with some health complications—specifically the fact that he’d been having “the craziest problems for years with […	2023-11-17T15:44:09Z
Revisiting the hits, misses, and moments from Taylor Swift's original 1989	Looking at it now, it all seems so simple: the year was 2014, and Taylor Swift turned the world upside down by releasing a pure pop album called 1989. Already a superstar, 1989 sent Swift into the stratosphere. The singles were inescapable, the tour was a tri…	2023-10-24T15:00:00Z
Stop asking Shawn Levy if Taylor Swift is in Deadpool	The double-edged sword of operating in Taylor Swift’s orbit is that it can shoot you to a new stratosphere of fame, but forever after her presence in your life will be completely inescapable. Just ask director Shawn Levy, who happened to go to a Jets/Chiefs g…	2023-10-26T19:23:04Z
NFL-Spiel in Frankfurt: Show und Glanz: Taylor Swift als Symbol für NFL-Raumschiff	Hier finden Sie Informationen zu dem Thema „NFL-Spiel in Frankfurt“. Lesen Sie jetzt „Show und Glanz: Taylor Swift als Symbol für NFL-Raumschiff“.	2023-11-03T09:47:05Z
Nach Fan-Tod: Taylor Swift verschiebt Konzert in Rio wegen Hitze	Hier finden Sie Informationen zu dem Thema „Nach Fan-Tod“. Lesen Sie jetzt „Taylor Swift verschiebt Konzert in Rio wegen Hitze“.	2023-11-19T10:11:33Z
Time After Time: The Surprising Connection Between Taylor Swift’s “22” and Hanson’s “MMMBop”	It’s possible to sing the chorus to Hanson’s 1997 smash “MMMBop” over the chords to Taylor Swift’s 2012 hit “22.”	2023-11-15T22:00:01Z
The boomer market boon	Baby Boomers are dominating the economy these days. Here's how you can invest to cash-in on their spending spree.	2023-10-30T12:52:11Z
Kendrick Lamar and Taylor Swift Re-Record “Bad Blood” for 1989 (Taylor’s Version): Listen	“Watching [Kendrick Lamar] create and record his verses on the Bad Blood remix was one of the most inspiring experiences of my life,” Swift gushed	2023-10-27T15:44:18Z
9 New Albums You Should Listen to Now: Taylor Swift, Sofia Kourtesis, and More	Stream new releases from Taylor Swift, Sofia Kourtesis, the Mountain Goats, Ragana, Shabazz Palaces, Murda Beatz & Shordie Shordie, Ryan Davis & the Roadhouse Band, María José Llergo, and New Age Doom & Tuvaband	2023-10-27T12:38:32Z
The Fed held interest rates steady — but the fight against inflation is not over yet	The Federal Reserve left interest rates unchanged Wednesday, but left the door open to additional rate hikes in the future, if necessary, to curb inflation.	2023-11-01T18:01:46Z
Sportpresseball: Kommt Taylor Swift auch noch in die Alte Oper?	In den vergangenen Tagen gab es fast nur eine Frage in Frankfurt: Kommt Taylor Swift zum NFL-Spiel am Sonntag zwischen den Kansas City Chiefs und den Miami Dolphins? Nun soll sie wirklich in der Stadt sein – behauptet zumindest eine Influencerin.	2023-11-04T20:27:46Z
Sportpresseball: Kommt Taylor Swift auch noch in die Alte Oper?	In den vergangenen Tagen gab es fast nur eine Frage in Frankfurt: Kommt Taylor Swift zum NFL-Spiel zwischen den Kansas City Chiefs und den Miami Dolphins? Nun soll sie wirklich in der Stadt sein – behauptet zumindest eine Influencerin.	2023-11-04T20:27:46Z
Mark Zuckerberg's Meta has lost nearly $50 billion on the metaverse - more than Ford, Hershey, or Kraft Heinz are worth	Facebook-parent Meta has lost $47 billion in its metaverse division in under five years, a sum that's close to the market value of Chipotle or Target.	2023-10-27T11:08:27Z
American Football: Super Bowl: NFL-Boss fände Show mit Swift unglaublich	Hier finden Sie Informationen zu dem Thema „American Football“. Lesen Sie jetzt „Super Bowl: NFL-Boss fände Show mit Swift unglaublich“.	2023-11-05T07:25:55Z
Taylor Swift Just Made Box Office History With The Eras Tour	Taylor Swift: The Eras Tour just became the first concert film in history to top the charts for two consecutive weekends.	2023-10-24T19:00:51Z
"Meghan Markle's ""casting couch"" and an Epstein ""sex slave"" murdered in this week's dubious tabloids"	"'National Enquirer'    ""Natalee's Killer Gets Away With Murder!"" indignantly screams that bastion of truth, justice and the American way, the 'National Enquirer.'    ""Shameless Meghan Seduces Costner!""    Jordan Van Der Sloot is already serving 28 years in a …"	2023-10-27T17:17:11Z
Taylor Swift and Brittany Mahomes Exchange Numbers, Friendship Not for Show	The budding friendship between Taylor Swift and Brittany Mahomes isn't just for cameras on Sundays ... they've exchanged phone numbers and they're giving BFF vibes!!! Sources close to Taylor and Brittany tell TMZ ... they swapped digits the first…	2023-10-29T08:00:30Z
Taylor Swift Saved Public Transport And Now She's Fixing Airlines Too	Airlines will usually stop at nothing to squeeze every penny from you when you book to fly with them. But there’s one person who can force their hand and encourage them to scrap change fees for passengers: Ms. Taylor Alison Swift.Read more...	2023-11-13T19:50:00Z
Get Your Parkas Ready For December 2024 – Canadian Swifties Haven't Been Able To Focus Since Taylor Swift JUST Announced Three New Concert Dates	Step 1) Register for Verified Fan Presale on Ticketmaster. Step 2) Look at flights to Vancouver.View Entire Post ›	2023-11-02T21:44:37Z
Taylor Swift Tops ‘Canceled’ 2023 MTV EMA Awards	Taylor Swift, Nicki Minaj, Jung Kook and Maneskin win big at ‘canceled’ 2023 MTV EMA Awards - see full winners list	2023-11-06T09:32:12Z
American Football: NFL-Vollmer: Swift-Gerüchte lenken nicht vom Sport ab	Hier finden Sie Informationen zu dem Thema „American Football“. Lesen Sie jetzt „NFL-Vollmer: Swift-Gerüchte lenken nicht vom Sport ab“.	2023-11-05T07:16:20Z
Philadelphia Radio Station Won't Play Taylor Swift Songs Ahead of Eagles vs. Chiefs	While pop superstar Taylor Swift is a native of Pennsylvania and grew up a Philadelphia Eagles fan, her allegiance to Kansas City Chiefs star tight end Travis…	2023-11-16T20:29:46Z
Report: Travis Kelce, Taylor Swift's Parents Expected to Meet at Eagles vs. Chiefs	Travis Kelce and Taylor Swift appear to be taking the next step in their relationship. The parents of the Chiefs tight end and world-renowned…	2023-11-15T20:19:58Z
Taylor Swift’s “Cruel Summer” hits No.1 on Hot 100 because we don't have seasons anymore	Taylor Swift, perhaps, in between securing the top spot at the American box office for the second week and weeping at the breadth of her domain for there are no more worlds left to conquer, has made another startling step towards world domination. Four years …	2023-10-24T03:39:50Z
Taylor Swift and Travis Kelce Make Out After Argentina Concert	Don't cry for Taylor Swift in Argentina ... she had an amazing show Saturday night, after which she passionately made out with her man. We've seen Trace Kelce and Taylor hold hands, wrap their arms around each other, etc, but this is the first big…	2023-11-12T13:36:32Z
"Taylor Swift postpones Brazil concert after fan dies amidst ""extreme temperatures"""	Taylor Swift has announced that she’s postponing a concert scheduled for tonight in Rio de Janeiro, after a fan died after attending her concert on Friday night in the city. Rio is currently experiencing record heat waves that have generated a heat index (i.e…	2023-11-19T01:12:00Z
Taylor Swift, Brent Faiyaz, Silvana Estrada, and More: This Week’s Pitchfork Selects Playlist	Our weekly playlist highlights songs that our writers, editors, and contributors are listening to on repeat	2023-10-30T12:55:43Z
Taylor Swift Lands Biggest Sales Week of Her Career With 1989 (Taylor’s Version)	The album’s No. 1 debut on the Billboard 200 is the best an album has done in sales subce Adele’s 25	2023-11-05T20:32:46Z
Taylor Swift Fan Dies at Rio de Janeiro Concert During Heat Wave	The pop star stopped the show twice to ask the venue to hand out more water, at times taking it upon herself to throw bottles to fans	2023-11-18T15:27:29Z
Grammy Nominations 2024: Taylor Swift, SZA, Phoebe Bridgers, and Victoria Monét Lead Nominees	Billie Eilish, Olivia Rodrigo, and Miley Cyrus also netted multiple nominations this year	2023-11-10T16:19:51Z
Taylor Swift Earns 10th No. 1 Song With “Cruel Summer,” Reaches Singles Chart Milestone	She’s tied with Stevie Wonder and Janet Jackson for ninth place for the most No. 1 songs on the Billboard Hot 100	2023-10-23T23:23:30Z
The Taylor Swift economy: Red hot	How music’s most iconic name became a GDP star	2023-11-01T19:45:00Z
TMZ: Travis Kelce, Taylor Swift Dating 'Overwhelming' for Jason, Mom Donna and Family	Kansas City Chiefs tight end Travis Kelce's relationship with Taylor Swift has been an adjustment for the entire Kelce family, according to TMZ Sports.…	2023-10-31T14:35:29Z
Taylor Swift Money Jar Goes Viral, Husband Makes Wife Pay For Taylor Talk	"A husband's going viral for putting a Taylor Swift tip jar in his house, and making his wife pay up for every mention of the pop star OR her boyfriend, Travis Kelce! Maryland resident Dana Rice shared the clip of her hubby's new ""invention,""…"	2023-11-09T15:10:58Z
Taylor Swift Seemingly Struggles to Breathe During Brazil Concert	Taylor Swift was seemingly gasping for air during her sweltering hot concert in Brazil, freaking out some of her fans. The pop superstar performed for hours in nearly 100-degree heat Friday night at Estadio Nilton Santos stadium in Rio de Janeiro…	2023-11-19T14:02:09Z
Taylor Swift Debuts On Brittany Mahomes' Instagram W/ Boozy Photo	Taylor Swift and Brittany Mahomes' friendship is Instagram official ... 'cause the wife of the Chiefs superstar QB finally shared a personal pic from their weekend in NYC where the singer spent some quality time with a few fellow K.C. WAGS! Of…	2023-11-07T22:17:26Z
Taylor Swift 'Eras' Film Review Goes Viral for Ridiculous Criticism	Taylor Swift's 'Eras' film got torched by a critic who likened her movie to the downfall of society as we know it -- and all we can say about this over-the-top piece is ... holy crap. This critique -- which is now going viral, for all the wrong…	2023-10-21T21:02:27Z
Taylor Swift Mourns Fan Who Died Before Rio Concert	Taylor Swift has been on the international leg of The Eras Tour. On Friday night, she performed in Rio de Janeiro, Brazil at the Nilton Santos stadium. Many fans fell ill due to the heatwave, with a heat index of 140° Fahrenheit, and one concertgoer died of c…	2023-11-18T15:10:47Z
Taylor Swift’s “Cruel Summer” Hits #1 Four Years After Release	When Taylor Swift released Lover in the summer of 2019, Swifties quickly identified the surging synth-pop track “Cruel Summer” as the album’s most obvious hit. But the song was never released as a single, and then COVID struck, and then suddenly Swift had sev…	2023-10-23T18:05:47Z
Taylor Swift Seemingly Teases Coffee-Themed ‘From the Vault’ Lyrics Ahead of ‘1989 TV’ Release	On Tuesday, Taylor Swift shared handwritten lyrics that fans think are from a 'From the Vault' track on '1989 (Taylor's Version).'	2023-10-24T23:25:36Z
Why Are People So Obsessed With Taylor Swift and Travis Kelce? Rolling Stone Staff Has Theories	Rolling Stone staffers offer their own theories as to why everyone is so obsessed with Taylor Swift and Travis Kelce's relationship.	2023-11-16T19:33:48Z
Taylor Swift Fonts Identified + Free Alternatives	Explore the captivating world of Taylor Swift fonts, enhancing the visual impact of her music. Discover how typography elevates her musical artistry.	2023-10-30T03:25:04Z
NFL Fans Think Josh Allen Used 'Taylor Swift' Audible During 'TNF' Game	Some NFL fans think Taylor Swift-mania made it all the way to Buffalo on Thursday night ... convinced quarterback Josh Allen used an audible featuring the pop star's name during the Bills vs. Bucs game. The moment happened just minutes into the…	2023-10-27T13:18:25Z
Enjoy vinyl on-the-go with the world's smallest wireless portable record player for only $79.97	TL;DR: Enjoy vinyl records like never before with the innovative RokBlok 2.0, the world's smallest portable wireless record player, for only $79.97 (Reg. $99) until 11:59 PM on 11/16.    CDs may be a thing of the past, but vinyl keeps on keepin' on. — Read th…	2023-11-13T01:00:00Z
See Taylor Swift Debut ‘Suburban Legends,’ Unearth ‘Stay Beautiful’ at Rio Show	"Taylor Swift dug out another pair of deep cuts in Rio De Janeiro Friday as the singer performed ""Suburban Legends"" and ""Stay Beautiful."""	2023-11-18T14:04:32Z
The Strikes Are Over, but the Damage to Theaters Has Just Begun	"Taylor Swift, ""Barbie,"" ""Oppenheimer,"" and ""Sound of Freedom"" saved 2023. Next year will need more surprise blockbusters to paper over the gaps."	2023-11-13T13:30:00Z
American Football-Star: Kelce zu Beziehung mit Swift: Privatleben privat halten	Hier finden Sie Informationen zu dem Thema „American Football-Star“. Lesen Sie jetzt „Kelce zu Beziehung mit Swift: Privatleben privat halten“.	2023-11-03T17:22:05Z
Apple elimina el plan más barato de Apple Music	Apple ha dejado de ofrecer uno de sus planes de suscripción más baratos a Apple Music, Apple Voice, que desde 2021 permitía a los usuarios utilizar el servicio de música en streaming con comandos a través de Siri por un precio de 4,99 euros al mes. La compañí…	2023-11-02T09:51:14Z
Well, Travis Kelce might as well have a #1 song now too	Much like the sun, the incredible power of Taylor Swift’s light tends to reflect on those closest to her, and like the moon, her boyfriend Travis Kelce is glowing all the brighter because of it. Kelce is probably the most famous (American) football player in …	2023-11-16T21:05:49Z
Public transit systems try to avoid a 'death spiral' as remote work hurts ridership	Big public transit systems are warning of deep service cuts as they struggle to make up lost revenue from fewer riders. But in some places, ridership is growing as systems adapt to the new normal.	2023-11-15T10:00:29Z
Insider Today: Financial freedom's reality	Two people who consider themselves financially free shared a glimpse of what their lives are like — and it's actually a lot of work.	2023-11-11T12:01:01Z
Goldman exec exits revealed	Insider analysis of partner exits under CEO David Solomon provides a fascinating look at the turnover at one of Wall Street's most prestigious banks.	2023-10-27T14:10:49Z
In a world of infinite AI, the new luxury item will be humans	An explosion of commoditized machine-generated products and services will make human-centered offerings rarer, more desirable and therefore more valuable.	2023-10-25T09:00:02Z
AMC's CEO thought he was texting naughty photos to a former ballerina fling. Then everything went haywire.	A monthslong blackmail attempt for hundreds of thousands of dollars targeted AMC's CEO Adam Aron. He stood his ground.	2023-10-27T09:17:01Z
The billionaire's calendar	Get an inside look at the must-see events and gatherings the world's richest people attend throughout the year.	2023-11-16T12:54:10Z
He was working three full-time jobs at Meta, IBM, and Tinder. His bosses didn't know.	Since the start of the pandemic, more workers have seized on the privacy provided by remote work to secretly take on two or more jobs.	2023-11-13T10:33:01Z
The tech world's quiet connector	A successful founder herself, Ruzwana Bashir connects everyone from Elon Musk to Marissa Mayer.	2023-11-16T11:00:02Z
Trump's dementia and teddy bear sex in this week's dubious tabloids	"'National Enquirer'    ""Matthew Perry Didn't Have To Die!"" screams the cover, declaring: ""Grim cover-up exposed!""    Apparently ""the truth behind the tragic funnyman's final minutes is being buried by the Los Angeles County Medical Examiner.""        The 'Enqu…"	2023-11-11T12:00:00Z
5 contenidos musicales para ver en Disney+ si te gustó ‘Taylor Swift: The Eras Tour’	La película Taylor Swift: The Eras Tour se ha convertido en uno de los grandes éxitos del año 2023. Para sorpresa de la industria cinematográfica, la grabación de uno de los conciertos de la gira de la artista, cautivó incluso a los que no son sus seguidores.…	2023-10-20T14:24:40Z
What’s Fact and What’s Fiction in Killers of the Flower Moon	Did the Osage really have to ask to use their own money? And were Ernest and Mollie Burkhart really in love?	2023-10-20T21:09:54Z
Social Security Doesn’t Make Sense Anymore	It’s a transfer of wealth, and not to the people who need it.	2023-11-18T16:00:00Z
The Five Nights at Freddy’s movie is a dizzying mashup of decades of culture	The Five Nights at Freddy’s movie gives FNAF fandom grist for YouTube explainers, but it’s thin soup for everyone else. In theaters and streaming on Peacock.	2023-10-27T14:01:00Z
Flex and superflex rankings	Trying to decide between a couple of closely ranked fantasy football players this week? Eric Karabell ranks the top 150 QBs, RBs, WRs and TEs to make the decision easy for you.	2023-11-01T14:54:34Z
El fenómeno Taylor Swift es tan grande que un país quiere aprovecharse disimuladamente de él: Israel	Todo lo que rodea a Taylor Swift se ha convertido en un negocio redondo. La artista,  que empezó su carrera en la música country en 2006 es ahora la cantante más aclamada de Estados Unidos en la actualidad, con 12 premios Grammy, 40 American Music Awards y do…	2023-10-20T16:30:37Z
La crítica la odia, el público la adora: 'Five Nights at Freddy's' bate records de taquilla en su primer fin de semana	Dada la popularidad del juego que adapta, era de esperar un considerable éxito en taquilla, pero no hasta este punto: 'Five Nights at Freddy's', basada en el popularísimo videojuego indie de terror, ha reventado la taquilla este fin de semana. Además, sentand…	2023-10-30T14:01:44Z
Cómo un joven anónimo de A Coruña llegó al #1 mundial de Spotify: la estrategia detrás del éxito de Íñigo Quintero	"""Sueñas alto, es el poder  que te han dado desde el cielo"".  No me sirven tus pocas señales,  ya nada es como antes"".  Son los versos de la canción más escuchada en el Top Mundial de Spotify. Pero sorprende que nada de lo que quieren decir tenga que ver con l…"	2023-10-24T16:52:41Z
Hay un estreno indio tan potente que ha sacado a 'The Marvels' de todas las salas IMAX de su país: 'Tiger 3'	12 de noviembre es la fecha de estreno de la próxima gran superproducción india: 'Tiger 3'. Está previsto un éxito descomunal, ya que sus protagonistas son grandes estrellas en el país. El problema (no para ellos, desde luego) es que su estreno casi coincide …	2023-10-27T08:31:27Z
Curling, críquet, flag football… cómo España se ha colado en el top de casi todos los deportes raros en auge	Este fin de semana el equipo español mixto de curling se alzó con la medalla de plata en el Mundial   disputado en Aberdeen (Escocia), tras perder la final contra Suecia por 8-2. Lo conseguía después de haber eliminado en semifinales a Canadá, defensor del tí…	2023-10-23T14:01:00Z
Odds & Ends: November 3, 2023	End by Explosions in the Sky. I first discovered the instrumental rock band Explosions in the Sky from my favorite television show of all time: Friday Night Lights. I love the way their moody and atmospheric songs contain what the band calls “cathartic mini-s…	2023-11-03T19:07:02Z
The Marvels just might be the MCU’s first huge box office disaster	With The Marvels, the MCU might experience its first major box office disaster.	2023-11-06T15:30:05Z
What the Doomsayers Get Wrong About Deepfakes	Experts have warned that utterly realistic A.I.-generated videos might wreak havoc through deception. What’s happened is troubling in a different way.	2023-11-13T11:00:00Z
A Cathartic Watch	Entertainment musts from Elizabeth Bruenig	2023-11-12T13:00:00Z
Britney Finally Tells Her Story. It’s Dark.	With her new memoir, the pop star tries to close a long and maddening chapter of her life. Will we finally let her?	2023-10-24T13:47:14Z
Here’s What Biden Can Do to Change His Grim Polling	The president has a popularity problem. He needs to remind Americans who he isn’t.	2023-11-03T12:00:00Z
Ask HN: Why has no one replaced Ticketmaster?	Comments	2023-10-20T23:09:04Z
Here’s A Breakdown Of All Of The Taylor Swift Lyrics That Seemingly “Manifested” Her Relationship With Travis Kelce	Isn’t it just so pretty to think, all along there was some invisible string tying him to her?View Entire Post ›	2023-10-20T12:14:29Z
Apple Arcade Guide: Everything that’s available [New: Football Manager 2024 Touch]	Apple Arcade launched with close to 100 titles and the service is seeing new games added regularly with over 200 games now in the library. Follow along with our guide on all the available Apple Arcade games plus the latest releases.     more…	2023-11-07T14:09:00Z
Apple Arcade Guide: Everything that’s available [New: Knowords+]	Apple Arcade launched with close to 100 titles and the service is seeing new games added regularly with over 200 games now in the library. Follow along with our guide on all the available Apple Arcade games plus the latest releases.     more…	2023-11-03T13:58:00Z
Apple Arcade Guide: Everything that’s available [New: NBA 2K24]	Apple Arcade launched with close to 100 titles and the service is seeing new games added regularly with over 200 games now in the library. Follow along with our guide on all the available Apple Arcade games plus the latest releases.     more…	2023-10-27T13:34:00Z
Apple Arcade Guide: Everything that’s available and what’s new?	Apple Arcade launched with close to 100 titles and the service is seeing new games added regularly with over 200 games now in the library. Follow along with our guide on all the available Apple Arcade games plus the latest releases.     more…	2023-10-20T19:45:00Z
Apple Arcade Guide: This week’s release plus everything that’s available	Apple Arcade launched with close to 100 titles and the service is seeing new games added regularly with over 200 games now in the library. Follow along with our guide on all the available Apple Arcade games plus the latest releases.     more…	2023-11-17T15:32:00Z
Birds Named after People Will Get New English Names	Standard English names for North American birds will now focus on the animals rather than people	2023-11-07T11:45:00Z
Dust Settles To Find Mike Johnson Named Speaker, President, Pope, Supreme Court Justice, U.N. Secretary General, Dalai Lama, Conductor Of The Vienna Philharmonic	WASHINGTON—Following weeks of uncertainty as a leaderless U.S. House of Representatives failed to reach a consensus, the dust finally settled Wednesday as Mike Johnson was officially named house speaker, president, pope, supreme court justice, U.N. secretary …	2023-10-26T19:22:00Z
New techniques efficiently accelerate sparse tensors for massive AI models	New computational techniques, 'HighLight' and 'Tailors and Swiftiles,' could dramatically boost the speed and performance of high-performance computing applications like graph analytics or generative AI. The work, from MIT and NIVIDIA, aims to accelerate spar…	2023-10-31T20:19:15Z
Killers of the Flower Moon : vers un flop au box office	Malgré un casting prestigieux avec Leonardo DiCaprio et Robert De Niro, et la réalisation inspirée de Martin Scorsese, le film Killers of the Flower Moon connaît des hauts et des bas au box-office.  Killers of the Flower Moon : vers un flop au box office	2023-11-04T10:00:12Z
SEO Is Down, Help! A Guide To Diagnosing SEO Traffic Drops via @sejournal, @RyanJones	Discover why your SEO traffic is plummeting month by month. Explore essential diagnostic steps to recover lost rankings and satisfy anxious clients. The post SEO Is Down, Help! A Guide To Diagnosing SEO Traffic Drops appeared first on Search Engine Journal.	2023-11-10T09:15:17Z
Taylor Swift, SZA, and Lana Del Rey Nominated for Album of the Year at the 2024 Grammys	Also in the running are Olivia Rodrigo, Boygenius, Janelle Monáe, Miley Cyrus, and Jon Batiste	2023-11-10T16:16:29Z
Bad Bunny Chats, Victoria Monét Performs “On My Mama” on Fallon: Watch	Bad Bunny spoke with Jimmy Fallon about his new album, working with Al Pacino, his upcoming tour, and more	2023-10-20T14:32:26Z
Ice Spice, Victoria Monét, and Fred Again.. Nominated for Best New Artist at the 2024 Grammys	They were nominated alongside Jelly Roll, Noah Kahan, Coco Jones, Gracie Abrams, and more	2023-11-10T16:10:25Z
Warner Bros Slightly Delays Aquaman 2	Warner Bros. recently changed the release date for a lot of its movies set to release in the coming months. Some of these include DC's Aquaman and the Lost Kingdom, but don't worry because it's only been pushed back a few days.According to Variety, Aquaman 2 …	2023-10-27T23:02:00Z
Five Nights At Freddy's Movie Opens Massive, Breaks Box Office Records	Lackluster reviews and streaming day-and-date on Peacock didn't stop Five Nights at Freddy's from having a record-breaking weekend at the box office. The PG-13 horror movie--based on the video game franchise that debuted in 2014--premiered with the biggest Bl…	2023-10-30T15:13:00Z
Marvel Movies Deadpool 3, Captain America 4, Thunderbolts, And Blade Delayed	Marvel Studios has announced a number of delays for its upcoming movie slate, led by Deadpool 3 slipping from May 3, 2024 to July 26, 2024, according to Variety.Marvel also delayed Captain America: Brave New World, which was slated for July 26, 2024 and is no…	2023-11-13T16:01:00Z
Christopher Nolan tried to warn us about oncoming Taylor Swift	Her impact in Hollywood has been Swift and merciless. Within weeks of announcing her concert documentary, Taylor Swift: The Eras Tour, would be getting an exclusive run in AMC Theatres, chaos reigned. Exorcists scuttled from release dates, friendship bracelet…	2023-10-19T22:44:00Z
Brazil records its hottest ever temperature	The town of Araçuaí in the country's southeast hit a high of 44.8C (112.6F) on Sunday.	2023-11-21T06:10:44Z
'Race this': Mikaela Shiffrin on her mindset, and her playlist, this ski season	When many of us take time off from our jobs, we can forget basic stuff, like computer passwords. So when ski season starts, how does Mikaela Shiffrin click back into scorching slalom courses?	2023-11-20T10:02:13Z
Biden turns 81, pardons turkeys, confuses Taylor Swift with Britney Spears	"""That's a big bird, man. I'm impressed"" Biden said during the ceremony where he confused Britney Spears and Taylor Swift."	2023-11-20T19:15:27Z
Biden Pardons National Thanksgiving Turkeys on His 81st Birthday	Turkeys Liberty and Bell have new appreciation for the phrase, “Let freedom ring.”	2023-11-20T21:06:21Z
Eagles vs Chiefs livestream: How to watch NFL Week 11 action	Kelce vs. Kelce showdown for the first time since last year's Super Bowl!	2023-11-20T22:16:17Z
Samsung Galaxy Buds FE review: Mid-range earbuds finally worthy of the fan label	This is the first Samsung Fan Edition product that doesn’t feel severely watered down	2023-11-05T14:00:19Z
Promi-Paar : Travis Kelce schwärmt von Taylor Swift	Hier finden Sie Informationen zu dem Thema „Promi-Paar “. Lesen Sie jetzt „Travis Kelce schwärmt von Taylor Swift“.	2023-11-21T17:01:18Z
The Taylor Swift Info War	Over the weekend, Taylor Swift played a long-awaited string of concerts in Brazil. And it was, by all accounts, a disaster.	2023-11-20T19:20:13Z
A Brazilian Swiftie Went Home With the Heel From Taylor Swift’s Bejeweled Louboutin Boots	Taylor Swift broke her heel during the 'Lover' segment of her Eras tour show in Rio De Janeiro, Brazil.	2023-11-21T14:01:26Z
Watch Taylor Swift Debut ‘Bigger Than the Whole Sky’ in Rio	Taylor Swift live debuted ‘Bigger Than the Whole Sky’ at her Eras Tour concert in Rio de Janeiro on Sunday night.	2023-11-20T11:19:29Z
