Guardian
Title,Standfirst,Publication Date
Taylor Swift postpones Rio concert after fan dies amid heatwave,"Singer says safety comes first after death of Ana Clara Benevides Machado, 23, in sweltering stadium",2023-11-18T22:00:02Z
UC Berkeley’s Taylor Swift class will examine her ‘enduring value’,"Business school will offer a course studying the pop icon, following the success of her Eras tour and Taylor’s Version project",2023-10-31T14:21:21Z
"Taylor Swift now estimated to be a billionaire, report says","Revenue from the 33-year-old pop star’s Eras tour has pushed her net worth to $1.1bn, according to Bloomberg News",2023-10-27T15:50:48Z
‘Swiftposium’: Australia to host academic conference on Taylor Swift,"Event at University of Melbourne in February will explore singer’s influence on gender, mental health and urban landscapesGet our weekend culture and lifestyle email",2023-09-22T03:17:38Z
Taylor Swift becomes a 400lb pumpkin – and the star of Halloween,"Installations across US include friendship bracelets and a ‘boyfriend graveyard’ , with fans spending hundreds on their masterpieces",2023-10-30T18:46:21Z
Travis Kelce says NFL is ‘overdoing’ his connection with Taylor Swift,Pop star has watched Kansas City player’s last two gamesNFL has featured Swift heavily during its broadcasts,2023-10-05T02:08:27Z
Share your thoughts on the Taylor Swift: the Eras Tour concert film,What did you think of the Taylor Swift: the Eras Tour concert film?,2023-10-17T10:24:26Z
Taylor Swift: The Eras Tour film review – a cacophonous testament to megastardom,The concert film captures 2023’s biggest pop culture event with breathless fervour and crystal clarity – honing in on the details easily missed in the live show,2023-10-13T06:34:27Z
"Gaza diary part 10: surviving, making plans and drawing strength from Taylor Swift","Ziad, a 35-year-old Palestinian, recounts another day in Gaza: struggling to help others when in such need; a children’s make-believe birthday party; making lunch dates for when it’s all over; and singing Shake it Off to get through",2023-10-26T11:55:46Z
We should celebrate Taylor Swift. But her success shouldn’t crowd out others | Martha Gill,The arts are the poorer for a system that hugely rewards the few while the less lucky can’t even earn a living wage,2023-09-30T17:02:19Z
Taylor Swift is upgrading Travis Kelce’s fame – and the NFL loves it,America’s latest power pairing benefits both stars and is helping usher in a new audience for football,2023-09-30T05:00:05Z
Taylor Swift: Eras tour concert film to get global release in October,"Film will play in more than 100 countries including the UK from 13 October, in line with its previously announced US, Canada and Mexico release",2023-09-26T12:09:33Z
BTS and Taylor Swift fans give Javier Milei and his running mate an earful,Argentinian Swifties say ‘Milei is Trump’ as devotees of BTS decry ‘hatred and xenophobia’ of Victoria Villarruel’s tweets about group,2023-10-26T20:35:39Z
Taylor Swift fans have reportedly lined up for five months ahead of Argentina shows,Pitchfork reports that hundreds of fans are sharing tents on a meticulously planned schedule to ensure they get the best spot when doors open next week,2023-11-03T02:25:40Z
Haters gonna hate … but stars like Taylor Swift can help to make literature pop | Elly McCausland,I teach the megastar’s lyrics. Adding contemporary material to school curriculums won’t dumb down – it will inspire,2023-10-17T08:00:02Z
Taylor Swift: 1989 (Taylor’s Version) review – subtle bonus tracks add new depths to a classic,(Republic)Swift’s revamp of her 2014 smash is her most faithful re-recording yet: a time capsule enhanced by pertinent cutting room floor tracks that show she never goes out of style,2023-10-27T12:50:51Z
 Must the show go on? Taylor Swift fan death highlights danger of live shows as Earth cooks,"Temperatures reached 102F in Rio last Friday as 60,000 people packed into the Estádio Olímpico Nilton Santos for Swift’s concert",2023-11-23T14:44:23Z
‘I’d watch it every night’: Taylor Swift fans turn out for record-breaking concert movie,"The premiere of the Eras tour concert film, one day earlier than planned, got devoted fans singing along and dancing in the aisles",2023-10-13T15:34:35Z
Billy Bragg looks back: ‘I can’t compete with Taylor Swift. But I can talk to an audience’,"The musician on East End violence, taking on Margaret Thatcher, and why he’ll always be ready with a protest song",2023-11-18T13:07:21Z
Taylor Swift: warning over fake tickets as NAB urges punters to be wary of social media scams,"Concern around fake Taylor Swift ticket scams comes as bank reveals $220,000 worth of transactions abandoned dailyFollow our Australia news live blog for latest updatesGet ourmorning and afternoon news emails,free appordaily news podcast",2023-11-03T04:48:30Z
"Baby, one more time: why Madonna, Britney Spears and Taylor Swift are all on a nostalgia trip","With retrospective tours, memoirs and rerecordings, three definitive US pop superstars are reclaiming their legacies. Why now – and is the past a trap?",2023-10-30T14:06:42Z
Taylor Swift ticket release: more tickets for Sydney and Melbourne shows to go on sale today for 2024 Australia Eras tour,"Frontier Touring announces new tickets to Swift’s five Australian shows will be released at 10am on Friday, with a ticket resale market launching in two weeks",2023-11-09T22:34:14Z
MTV VMAs 2023: Taylor Swift wins big in a ceremony celebrating hip-hop and Shakira,"Swift claims video of the year for Anti-Hero, Shakira wins the video vanguard award and a who’s who of hip-hop legends take the stage at the 40th Video Music Awards",2023-09-13T05:24:08Z
"No need to calm down: movie theaters let Taylor Swift fans dance, sing and scream through Eras tour film",Swifties ditch moviegoing etiquette as cinema owners welcome a lifeline for struggling industry,2023-10-19T14:00:12Z
"‘She is a snake – in the most positive way!’ How Taylor Swift became the world’s biggest pop star, again","In 2015, the singer’s career looked shaky as the media and public turned on her. But after the battle for her masters, her intimate lockdown records and the all-conquering Eras tour, she’s reclaimed her crown – and is now immune to hate",2023-09-08T04:00:45Z
"Like Taylor Swift, millions of us dream of packing in the day job. But where do we find our Plan B?",Everyone wants to turn their passion into their profession – or at least a profitable side-hustle. I certainly did. But what if AI can do it better or more cheaply?,2023-10-11T10:00:36Z
‘People were crying singing along’: readers on Taylor Swift’s Eras concert film,"Guardian readers share their experience of the box-office topping three-hour extravaganza, from screaming along to All Too Well to having a brief nap",2023-10-25T09:27:12Z
Swifties flock to Leicester Square as Taylor Swift’s box office smash lands in UK,"The Eras Tour, filmed over three nights in California stadium, likely to become biggest grossing concert movie in history",2023-10-13T18:03:40Z
‘Almost like election night’: behind the scenes of Spotify Wrapped,"The internet is abuzz with the results of this year’s rundown, with Taylor Swift coming out on top as 2023’s most streamed artist",2023-11-29T20:50:44Z
‘Criticism doesn’t keep me up at night’: superproducer Jack Antonoff on his haters – and Taylor Swift’s greatness,"From Lana Del Rey to the 1975, he has defined today’s pop – and some say homogenised it. As his band Bleachers return, he discusses grief, graft and why sincerity matters more than ever",2023-11-24T05:00:11Z
 Tell us your favourite music albums of 2023,We would like to hear about the best album you have heard this year and why,2023-12-01T16:14:30Z
Jimmy Kimmel on Marjorie Taylor Greene’s new book: ‘First book she’s ever written or read’,"Late-night hosts discuss Greene’s new book, Biden’s mix-up of Taylor Swift and Britney Spears, and more GOP conspiracies about January 6.",2023-11-22T15:34:21Z
Festival organisers sound alarm as big-name artists shun their events,Industry says with global headliners doing their own tours there are not enough stars to fill festival line-ups in UK and Ireland,2023-12-02T16:00:49Z
"Alice Birch: ‘When I’m writing, the banalities of motherhood such as head lice disappear’","The Normal People screenwriter talks about growing up in a commune, heartbreaking plays, and ​the r​umours that she’s collaborating with Taylor Swift",2023-10-22T08:30:10Z
D’Andre Swift: the homecoming king behind the Eagles’ undefeated start,"The Eagles are one of two 5-0 teams in the NFL for many different reasons. One of the biggest is D’Andre Swift, a Philly native who has refurbished his reputation as a workhorse",2023-10-11T09:00:34Z
Swift parrot named 2023 Australian bird of the year winner,"Critically endangered parrot narrowly pips the tawny frogmouth, runner-up for the third time in the biennial Guardian/BirdLife Australia pollFind all ourbird of the year contentDownload your Australian birds poster as a JPEG or PDF file",2023-10-06T01:33:37Z
Semisonic’s Dan Wilson on Closing Time and a new album: ‘I’m just a really earnest person’,"After writing for the likes of Taylor Swift and Adele, Wilson is back with the US rock band for their first album in 22 years",2023-11-02T10:06:36Z
Katie Taylor finds redemption against Chantelle Cameron on epic night,Irishwoman becomes undisputed super-lightweight championTaylor was already undisputed world champion at lightweight,2023-11-25T23:52:15Z
‘America First’ Republican Marjorie Taylor Greene prints book in Canada,"Book, MTG, by far-right Georgia congresswoman and leading supporter of Trump policies will be published in US on Tuesday",2023-11-20T18:59:33Z
Poland election: Tusk urges president to allow for swift formation of government,Civic Coalition leader calls for ‘quick decisions’ after coalition of opposition groups win enough votes for parliamentary majorityEurope live – latest updates,2023-10-17T15:49:31Z
Don’t play the hits! Rarities are one of the great joys of live music,"From the National to U2 and Taylor Swift, artists are digging beyond their best-known songs to affirm the connection they share with their loyal fans",2023-10-03T09:23:41Z
Can a swift turn of the head give me the perfect eyeliner flick?,"Don’t move your hand, move your face. That’s the theory anyway",2023-10-23T07:00:38Z
Katie Taylor faces Cameron rematch knowing defeat could spell the end,"‘I’m like a woman possessed,’ says Ireland’s superstar as she fights against an undefeated opponent and the passage of time",2023-11-25T08:00:43Z
Elton John’s Taylor-made Watford showed that clubs are about people,A new book on the club’s glory years illustrates how football has become poorer as it has become vastly wealthy,2023-11-19T08:00:46Z
"Sports quiz of the week: Terry Venables, Katie Taylor and Mohamed Salah","Have you been following the big stories in football, golf, motor sport, snooker, rugby union, tennis and boxing?",2023-12-01T11:45:58Z
"‘Joni Mitchell watched me sing one of her songs. I was horrified’: Rick Beato, the world’s best-loved music nerd","As energised by Taylor Swift as Schoenberg, Beato has earned millions of fans with his YouTube videos and become the man musicians seek out to discuss their craft",2023-09-19T15:00:30Z
"Meet drag star Taylor Sheesh, the Philippines’ answer to Swiftie mania","Taylor Swift’s Eras tour will skip the Philippines, but her Filipino fanbase has embraced the call centre worker turned drag act",2023-11-01T15:37:51Z
Far-right Marjorie Taylor Greene ridiculed for Yom Kippur error,Republican congresswoman tweets image of Hanukah menorah in effort to commemorate unrelated Jewish holiday of Yom Kippur,2023-09-25T13:06:11Z
Grammy nominations 2024: SZA leads a female-dominated year,"Women take control of this year’s nominations with only one man, Jon Batiste, in both the song and record of the year categories",2023-11-10T17:41:06Z
Marjorie Taylor Greene claims Democrats failed to defend House from Capitol rioters,Extremist Republican says in book ‘not one Democrat was willing to stay to defend the chamber’ but claim rejected as ‘patently false’,2023-11-15T19:56:00Z
‘Watching extinction in real time’: conservationists losing hope for Australia’s swift parrot if logging continues #birdoftheyear,Experts predict there will be fewer than 100 individuals of the species by 2031 as the rate of decline in population grows fasterFollow our Australia news live blog for latest updatesVote in the2023 Australian bird of the year pollKeep up with all the Guardian/BirdLife Australia bird of the year coverage here,2023-10-01T14:00:48Z
Hannah Diviney: the 10 funniest things I have ever seen (on the internet),"The actor and author has great taste in viral vids, including Taylor Swift high on pain meds, Billy Connolly on maths and Kevin Hart slapping the Rock with a tortillaGet our weekend culture and lifestyle email",2023-09-13T14:01:01Z
‘I’m at peace’: England globetrotter Jodie Taylor calls time on career ,"Former Arsenal striker, who scored at two World Cups, played for 17 clubs in six countries and won the Champions League",2023-09-29T07:00:38Z
Tanya Plibersek announced swift parrot plan without showing recovery team who helped develop it,"Conservation groups say plan contains no meaningful action to address bird’s key threat of native forest loggingGet ourmorning and afternoon news emails,free appordaily news podcast",2023-09-09T20:00:32Z
"Increased number of swift parrots found near NSW mine reinforces need for habitat protection, say conservationists","Plans for land clearing near a NSW mine where critically endangered swift parrots have been found point to a failure in Australia’s environmental laws, say advocates for the birdFollow our Australia news live blog for latest updatesGet ourmorning and afternoon news emails,free appordaily news podcast",2023-10-05T14:00:16Z
Liverpool stun Arsenal as Miri Taylor gives visitors opening-day WSL win,,2023-10-01T15:31:04Z
"Beyoncé: My House review – bold, beat-switching journey to a strobe-lit dancefloor","(Parkwood Entertainment/Columbia)The new song, which appears on the end credits of concert documentary Renaissance, is thrilling for its change in tempo and anti-commercial stance",2023-12-01T13:14:54Z
Alexandria Ocasio-Cortez and Marjorie Taylor Greene unite in push to free Julian Assange,"Maga Republican and leftwing Democrat among 16 US Congress members lobbying Joe Biden to drop extradition attempts against WikiLeaks founderFollow our Australia news live blog for latest updatesGet ourmorning and afternoon news emails,free appordaily news podcast",2023-11-09T23:00:41Z
"Taylor Mac: Bark of Millions review – a bombastic queer history, told over 55 songs","Sydney Opera HouseThis four-hour musical-opera-variety show from the celebrated US performer is a moving, witty, extravagant exercise in pure pleasure and spectacle",2023-10-21T00:35:18Z
Robbie Williams fan dies after Sydney concert fall,"Woman in her 70s dies following induced coma after falling down six rows of seating at Allianz Stadium in Moore Park on Thursday eveningFollow our Australia news live blog for latest updatesGet ourmorning and afternoon news emails,free appordaily news podcast",2023-11-21T05:22:45Z
Australian bird of the year 2023 result – follow live updates as the #birdoftheyear winner is announced,The moment has arrived – and the swift parrot has taken the crown for 2023 after the votes for the final 10 candidatesFind all ourbird of the year contentDownload your Australian birds poster as a JPEG or PDF file,2023-10-06T02:43:23Z
"Renaissance: a Film by Beyoncé review – sparkling, party vibe with backstage insights",The singer’s new release offers not only the dazzling professionalism of the stage show but also plenty of behind the curtain action,2023-11-30T23:55:39Z
Stephen Colbert on the return to late-night: ‘It feels good to be back’,Late-night hosts return for first time in over five months to discuss a hectic summer of news and Trump’s indictments,2023-10-03T15:35:51Z
‘It has a mystical power’: moment of serenity in a Paris park wins Taylor Wessing photography prize,Alexandre Silberman’s dreamlike portrait of Diena was praised by judges for its blend of the traditional and contemporary,2023-11-06T20:00:46Z
Erotic Vagrancy: Everything About Richard Burton and Elizabeth Taylor review – an epic hymn to a ‘joyously vulgar’ pair,"Drink-fuelled fights, tantrums, fratricide… Roger Lewis’s exhaustive but exhausting study of the Burton-Taylor partnership is as extravagant and uncompromising as its badly behaved stars",2023-10-22T06:00:08Z
Tory party ‘acted swiftly’ to block would-be MPs after MI5 warnings,Party removed two people from candidates list after MI5 warned in 2021 they could be Chinese spies,2023-09-13T09:50:06Z
Can the swift parrot knock the tawny frogmouth off its perch? What the numbers say about Australia’s #birdoftheyear poll,We’re nearing the end of the eliminations and getting to the business end of the voting now. Who will get their beak in front when it counts?Cast your votein the Australian bird of the year poll todayKeep up with all ourbird of the year content,2023-10-03T03:42:40Z
The jet set: 200 celebrities’ aircraft have flown for combined total of 11 years since 2022,"Jets belonging to entertainers, CEOs, oligarchs and billionaires produce equivalent to emissions of almost 40,000 Britons",2023-11-21T13:00:14Z
One to watch: Baby Queen,"The South African singer-songwriter’s bright, piercing pop – a favourite on TV series Heartstopper – now finds her wrestling with her quarter life crisis",2023-11-11T14:00:36Z
Hipgnosis needs to hit fast forward towards a sale | Nils Pratley,A second consecutive cancellation of dividends suggests swift and drastic measures are needed at the music rights business,2023-11-06T17:42:53Z
A US governor tried to ban guns amid ‘relentless’ violence. The lawsuits followed swiftly,"A spate of violence spurred the New Mexico leader, Democrat Michelle Lujan Grisham, to take drastic and controversial action",2023-09-14T11:00:11Z
Newcastle’s prodigy with the brilliant brain: the rapid rise of Lewis Miley | Louise Taylor,"Midfielder who ‘doesn’t look 17, doesn’t act 17 and doesn’t play 17’ has stepped into Eddie Howe’s first team with aplomb",2023-12-01T12:43:07Z
People’s behaviour at music gigs is getting worse. I have three rules to solve that | Simon Price,"Live shows should allow for self-expression, catharsis and abandon. It’s the boorishness and selfishness that need to stop",2023-09-14T09:00:25Z
"As antisemitism soars, for many Jews in France nowhere feels safe | Paul Taylor","Macron is calling for unity, but the Israel-Hamas war has sparked a rise in hate crime that threatens a fragile social peace",2023-12-02T07:00:39Z
Mick Jagger hints at bequeathing back catalogue to charity instead of his children,Singer says his eight offspring ‘don’t need $500m to live well’ in interview that addresses how Rolling Stones brand will continue,2023-09-27T12:20:21Z
" ‘The internet is vicious and toxic, but I’d never go back to the 90s’: Taylor Lorenz talks to Monica Lewinsky","The millennial tech journalist speaks with the activist about surviving merciless harassment, the media’s double standards on gender, and why they still have hope",2023-10-05T10:00:10Z
Scrublands review – Chris Hammer adaptation is a rock solid addition to Australian rural noir,"Strong performances from Luke Arnold and Bella Heathcote lead Stan’s gripping new crime drama, about a journalist investigating a small-town murder that isn’t what it seems",2023-11-23T14:00:53Z
Orbán’s chumminess with Putin isn’t just shameful – it is a threat to Europe’s security,"Hungary’s leader is at the heart of EU institutions – so Russia is, in effect, there too. Europe must take swift action",2023-10-25T06:00:03Z
Corrections and clarifications,Margaret Betts photo credit | Michael Randle,2023-09-14T20:00:40Z
"Kosovo’s troubles may not have come to a head, but the crisis still festers",Swift western pressure on Serbia to step back from conflict does not resolve the chronic problems of Kosovo’s nationhood,2023-10-02T05:00:05Z
"Move over, lads! How the world turned girly","From Girl Dinners to Barbie to Swifties, girlsare bringing the party to pop culture right now - and you don’t have to be young, or even female, to be invited. But is it something to celebrate? Or has misogyny just got a cute new name?",2023-12-02T07:00:39Z
New fragrances: 10 of the best,"Which scent works for you is highly subjective, but these new products are all worth seeking out",2023-10-22T07:30:09Z
When Musk met Sunak: the prime minister was more starry-eyed than a SpaceX telescope | Marina Hyde,"As a man soon out of a job, perhaps Rishi Sunak sat dreaming of his own future in Silicon Valley",2023-11-03T10:44:16Z
"Glastonbury 2024 ticket sale moves back by two weeks, to 16 and 19 November",Issues involving registration of prospective ticketholders mean that festival postpones this year’s sale,2023-11-02T14:47:54Z
Speaking out on stammering and finding confidence | Letters ,"Daniel Hunteroutlines his techniques for easing anxiety and managing conversations. Plus letters fromEleanor Dennison, Dean SwiftandTony Butler",2023-11-24T18:15:24Z
"Morning Mail: Mundine’s daughter speaks out, Russian oligarch attacks sanctions, Penrith’s magical three-peat","Want to get this in your inbox every weekday?Sign up for the Morning Mail here, and finish your day withour Afternoon Update newsletter",2023-10-01T20:04:46Z
Olivia Rodrigo: Guts review – pepped-up pop-rock with a dramatic edge,"(Geffen)Pretty tunes are laced with pain as Rodrigo grapples with identity, betrayal and overnight superstardom on her fascinating second album",2023-09-10T12:00:51Z
‘Met Gala for the Beyhive’: Beyoncé fans dress up for London film premiere,Release of singer’s Renaissance tour film follows trend to encourage all-out effort for mass cinema trips,2023-12-01T15:12:44Z
Refusing to fly has lost me my job as a climate researcher. It’s a price worth paying | Gianluca Grimalda,My company in Germany has demanded my swift return from climate-change fieldwork near Papua New Guinea. I can’t do it,2023-10-12T12:12:18Z
Marine heatwaves hit Mediterranean as eastern US braces for storms,"Eastern Mediterranean sea surface temperatures up to 4C above normal, while Black Sea up to 6C higher",2023-11-20T09:22:30Z
What links labradoodles and shopping malls? The Saturday quiz,"From Mark Darcy toMegatherium, test your knowledge with the Saturday quiz",2023-09-16T06:00:22Z
Pressure to expand the EU has never been greater – and the will to reform it never weaker | Paul Taylor,"Enlargement may offer Europe greater security, but its price is change with daunting financial and political costs",2023-11-23T08:00:51Z
‘What’s your favourite bird?’ is almost impossible to answer. I am always torn | Sean Dooley in #birdoftheyear,"When framing the shortlist for the 2023 bird of the year, we opted for familiar Aussie birds that hold a special place in our heartsTheAustralian bird of the yearpoll launches today, 25 September 2023Get ourmorning and afternoon news emails,free appordaily news podcast",2023-09-24T20:00:07Z
Wayne Rooney set to take charge at Birmingham after Eustace is sacked,Former England captain available after leaving DC UnitedBirmingham plan on naming new manager in ‘coming days’,2023-10-09T10:09:41Z
"Once shamed, forever a slut: give up girls, you’re doomed to stay in the internet spotlight | Barbara Ellen","Monica Lewinsky, Rebecca Loos and others have no hope of fading into obscurity, even decades later",2023-10-08T06:02:32Z
‘He’s a man with a fork in a world of soup’: the bitterest music-duo spats,"With Hall & Oates now saying ‘no can do’ to their partnership, we look at the other pop pairs who fell out of harmony",2023-11-23T15:47:05Z
MTG review: far-right rabble rouser makes case to be Trump’s VP,"Marjorie Taylor Greene’s book swims with venom, score-settling, fiction and self-absolution: a very Republican stew",2023-11-26T07:00:11Z
Afternoon Update: Dutton accused of spreading falsehood about yes advocate; calls for fresh Qantas board; and a wine flood in Portugal,"Want to get this in your inbox every weekday?Sign up for the Afternoon Update here, and start your day withour Morning Mail newsletter.",2023-09-13T06:34:52Z
Jimmy Kimmel on Spotify Wrapped: ‘More embarrassing than your porn search history’,Late-night hosts discuss their year-end lists on the streaming service and George Santos’s possible removal from Congress,2023-11-30T16:03:54Z
‘Hell de Janeiro’: scorching heat highlights Brazil’s glaring inequality,"It felt like 58.5C in Rio on Tuesday – and the soaring, indeed dangerous, temperatures are hitting the poorest hardest",2023-11-19T11:02:06Z
