Guardian
Title	Standfirst	Publication Date
Taylor Swift postpones Rio concert after fan dies amid heatwave	Singer says safety comes first after death of Ana Clara Benevides Machado, 23, in sweltering stadium	2023-11-18T22:00:02Z
UC Berkeley’s Taylor Swift class will examine her ‘enduring value’	Business school will offer a course studying the pop icon, following the success of her Eras tour and Taylor’s Version project	2023-10-31T14:21:21Z
Taylor Swift now estimated to be a billionaire, report says	Revenue from the 33-year-old pop star’s Eras tour has pushed her net worth to $1.1bn, according to Bloomberg News	2023-10-27T15:50:48Z
‘Swiftposium’: Australia to host academic conference on Taylor Swift	Event at University of Melbourne in February will explore singer’s influence on gender, mental health and urban landscapesGet our weekend culture and lifestyle email	2023-09-22T03:17:38Z
Taylor Swift becomes a 400lb pumpkin – and the star of Halloween	Installations across US include friendship bracelets and a ‘boyfriend graveyard’ , with fans spending hundreds on their masterpieces	2023-10-30T18:46:21Z
Travis Kelce says NFL is ‘overdoing’ his connection with Taylor Swift	Pop star has watched Kansas City player’s last two gamesNFL has featured Swift heavily during its broadcasts	2023-10-05T02:08:27Z
Share your thoughts on the Taylor Swift: the Eras Tour concert film	What did you think of the Taylor Swift: the Eras Tour concert film?	2023-10-17T10:24:26Z
Taylor Swift: The Eras Tour film review – a cacophonous testament to megastardom	The concert film captures 2023’s biggest pop culture event with breathless fervour and crystal clarity – honing in on the details easily missed in the live show	2023-10-13T06:34:27Z
Gaza diary part 10: surviving, making plans and drawing strength from Taylor Swift	Ziad, a 35-year-old Palestinian, recounts another day in Gaza: struggling to help others when in such need; a children’s make-believe birthday party; making lunch dates for when it’s all over; and singing Shake it Off to get through	2023-10-26T11:55:46Z
We should celebrate Taylor Swift. But her success shouldn’t crowd out others | Martha Gill	The arts are the poorer for a system that hugely rewards the few while the less lucky can’t even earn a living wage	2023-09-30T17:02:19Z
Taylor Swift is upgrading Travis Kelce’s fame – and the NFL loves it	America’s latest power pairing benefits both stars and is helping usher in a new audience for football	2023-09-30T05:00:05Z
Taylor Swift: Eras tour concert film to get global release in October	Film will play in more than 100 countries including the UK from 13 October, in line with its previously announced US, Canada and Mexico release	2023-09-26T12:09:33Z
BTS and Taylor Swift fans give Javier Milei and his running mate an earful	Argentinian Swifties say ‘Milei is Trump’ as devotees of BTS decry ‘hatred and xenophobia’ of Victoria Villarruel’s tweets about group	2023-10-26T20:35:39Z
Taylor Swift fans have reportedly lined up for five months ahead of Argentina shows	Pitchfork reports that hundreds of fans are sharing tents on a meticulously planned schedule to ensure they get the best spot when doors open next week	2023-11-03T02:25:40Z
‘Like a Taylor Swift concert’: Simone Biles enthralls fans on comeback trail	The seven-time Olympic medalist hailed as the greatest gymnast ever inspires a popstar-like devotion from her fans, who packed a hockey arena over the weekend for US nationals	2023-08-28T06:30:29Z
Haters gonna hate … but stars like Taylor Swift can help to make literature pop | Elly McCausland	I teach the megastar’s lyrics. Adding contemporary material to school curriculums won’t dumb down – it will inspire	2023-10-17T08:00:02Z
Taylor Swift: 1989 (Taylor’s Version) review – subtle bonus tracks add new depths to a classic	(Republic)Swift’s revamp of her 2014 smash is her most faithful re-recording yet: a time capsule enhanced by pertinent cutting room floor tracks that show she never goes out of style	2023-10-27T12:50:51Z
 Must the show go on? Taylor Swift fan death highlights danger of live shows as Earth cooks	Temperatures reached 102F in Rio last Friday as 60,000 people packed into the Estádio Olímpico Nilton Santos for Swift’s concert	2023-11-23T14:44:23Z
‘I’d watch it every night’: Taylor Swift fans turn out for record-breaking concert movie	The premiere of the Eras tour concert film, one day earlier than planned, got devoted fans singing along and dancing in the aisles	2023-10-13T15:34:35Z
Billy Bragg looks back: ‘I can’t compete with Taylor Swift. But I can talk to an audience’	The musician on East End violence, taking on Margaret Thatcher, and why he’ll always be ready with a protest song	2023-11-18T13:07:21Z
Taylor Swift: warning over fake tickets as NAB urges punters to be wary of social media scams	Concern around fake Taylor Swift ticket scams comes as bank reveals $220,000 worth of transactions abandoned dailyFollow our Australia news live blog for latest updatesGet ourmorning and afternoon news emails,free appordaily news podcast	2023-11-03T04:48:30Z
Baby, one more time: why Madonna, Britney Spears and Taylor Swift are all on a nostalgia trip	With retrospective tours, memoirs and rerecordings, three definitive US pop superstars are reclaiming their legacies. Why now – and is the past a trap?	2023-10-30T14:06:42Z
Taylor Swift ticket release: more tickets for Sydney and Melbourne shows to go on sale today for 2024 Australia Eras tour	Frontier Touring announces new tickets to Swift’s five Australian shows will be released at 10am on Friday, with a ticket resale market launching in two weeks	2023-11-09T22:34:14Z
MTV VMAs 2023: Taylor Swift wins big in a ceremony celebrating hip-hop and Shakira	Swift claims video of the year for Anti-Hero, Shakira wins the video vanguard award and a who’s who of hip-hop legends take the stage at the 40th Video Music Awards	2023-09-13T05:24:08Z
No need to calm down: movie theaters let Taylor Swift fans dance, sing and scream through Eras tour film	Swifties ditch moviegoing etiquette as cinema owners welcome a lifeline for struggling industry	2023-10-19T14:00:12Z
Taylor Swift’s concert film breaks US presale records	Two-hour, 45-minute concert film shatters cinema chain AMC record and figure only represents part of presale haul	2023-09-01T14:23:01Z
‘She is a snake – in the most positive way!’ How Taylor Swift became the world’s biggest pop star, again	In 2015, the singer’s career looked shaky as the media and public turned on her. But after the battle for her masters, her intimate lockdown records and the all-conquering Eras tour, she’s reclaimed her crown – and is now immune to hate	2023-09-08T04:00:45Z
Like Taylor Swift, millions of us dream of packing in the day job. But where do we find our Plan B?	Everyone wants to turn their passion into their profession – or at least a profitable side-hustle. I certainly did. But what if AI can do it better or more cheaply?	2023-10-11T10:00:36Z
‘People were crying singing along’: readers on Taylor Swift’s Eras concert film	Guardian readers share their experience of the box-office topping three-hour extravaganza, from screaming along to All Too Well to having a brief nap	2023-10-25T09:27:12Z
Swifties flock to Leicester Square as Taylor Swift’s box office smash lands in UK	The Eras Tour, filmed over three nights in California stadium, likely to become biggest grossing concert movie in history	2023-10-13T18:03:40Z
‘Almost like election night’: behind the scenes of Spotify Wrapped	The internet is abuzz with the results of this year’s rundown, with Taylor Swift coming out on top as 2023’s most streamed artist	2023-11-29T20:50:44Z
‘Criticism doesn’t keep me up at night’: superproducer Jack Antonoff on his haters – and Taylor Swift’s greatness	From Lana Del Rey to the 1975, he has defined today’s pop – and some say homogenised it. As his band Bleachers return, he discusses grief, graft and why sincerity matters more than ever	2023-11-24T05:00:11Z
Jimmy Kimmel on Marjorie Taylor Greene’s new book: ‘First book she’s ever written or read’	Late-night hosts discuss Greene’s new book, Biden’s mix-up of Taylor Swift and Britney Spears, and more GOP conspiracies about January 6.	2023-11-22T15:34:21Z
Alice Birch: ‘When I’m writing, the banalities of motherhood such as head lice disappear’	The Normal People screenwriter talks about growing up in a commune, heartbreaking plays, and ​the r​umours that she’s collaborating with Taylor Swift	2023-10-22T08:30:10Z
Semisonic’s Dan Wilson on Closing Time and a new album: ‘I’m just a really earnest person’	After writing for the likes of Taylor Swift and Adele, Wilson is back with the US rock band for their first album in 22 years	2023-11-02T10:06:36Z
Don’t play the hits! Rarities are one of the great joys of live music	From the National to U2 and Taylor Swift, artists are digging beyond their best-known songs to affirm the connection they share with their loyal fans	2023-10-03T09:23:41Z
‘Joni Mitchell watched me sing one of her songs. I was horrified’: Rick Beato, the world’s best-loved music nerd	As energised by Taylor Swift as Schoenberg, Beato has earned millions of fans with his YouTube videos and become the man musicians seek out to discuss their craft	2023-09-19T15:00:30Z
Meet drag star Taylor Sheesh, the Philippines’ answer to Swiftie mania	Taylor Swift’s Eras tour will skip the Philippines, but her Filipino fanbase has embraced the call centre worker turned drag act	2023-11-01T15:37:51Z
Hannah Diviney: the 10 funniest things I have ever seen (on the internet)	The actor and author has great taste in viral vids, including Taylor Swift high on pain meds, Billy Connolly on maths and Kevin Hart slapping the Rock with a tortillaGet our weekend culture and lifestyle email	2023-09-13T14:01:01Z
Seth Meyers on Trump’s campaign rallies: ‘Openly fascist rhetoric’	Late-night hosts discuss Trump’s ‘vermin’ comments, his plans for a second term in office and Travis Kelce and Taylor Swift’s reunion in Argentina	2023-11-14T16:46:10Z
Seth Meyers on Republicans: ‘I’ve seen more organized groups of seagulls fighting over a potato chip’	Late-night hosts discuss GOP dysfunction in a speaker-less House, Trump’s new gag order, and Taylor Swift’s relationship with NFL star Travis Kelce	2023-10-17T14:52:27Z
Stephen Colbert on Jim Jordan’s failed speaker bid: ‘An historic humiliation’	Late-night hosts discuss Jim Jordan’s failed bid for speaker of the House, Trump’s lawyers turning on him and Taylor Swift’s romance with Travis Kelce	2023-10-24T15:17:25Z
The 20 greatest concert films – ranked!	As Taylor Swift’s Eras tour reaches cinemas, with Beyoncé’s Renaissance following soon, we pick the films that best converted the live experience to the screen	2023-10-12T14:00:12Z
