Title	Description	Published At
Taylor Swift appears out of breath at Rio concert	Video showed the singer gasping for air in between songs during her performance in the stifling heat.	2023-11-19T17:32:26Z
Taylor Swift and Barbie take over this Halloween	"From Utah to Massachusetts, pop culture references have turned this yearÃ¢â‚¬â„¢s spooky season pink."	2023-10-31T18:18:04Z
Taylor Swift Named Apple Music's Artist of the Year	"Apple today announced that Taylor Swift has been named Apple Music's Artist of the Year for 2023 after reaching ""a new realm of superstardom this year.""      Swift released a new album last month called 1989 (Taylor's Version), and she has been on tour this yÃ¢â‚¬Â¦"	2023-11-08T16:15:03Z
There's one thing Taylor Swift isn't talking about	Taylor Swift is a billionaire after her Eras Tour and movie boosted her 2023 net worth. The pop star's brand benefits from her downplaying her wealth.	2023-11-01T09:24:01Z
"A Taylor Swift song is the best investment advice for 2024, Goldman Sachs says"	This isn't the first time Taylor Swift has occupied the head space of Wall Street forecasters and economists this year.	2023-11-15T15:39:00Z
"A Taylor Swift Airbnb is a bachelorette dream home where megafans can bask in her ""Eras"" for up to $1,400 a night"	"You can rent this Taylor Swift Airbnb in Scottsdale, Arizona. Each room is devoted to a different era, from ""Reputation"" to ""Lover"" to ""Folklore."""	2023-11-01T15:29:50Z
Taylor Swift accused of witchcraft by MAGA pastor Hank Kunneman	"Hank Kunneman is employed as a MAGA pastor. It's not bad work if you can stomach spouting uncreative and discredited conspiracy theories to dimwitted, credulous, and perpetually enraged Trump worshippers. If you know who Kunneman is, you probably remember himÃ¢â‚¬Â¦"	2023-11-06T23:30:56Z
"A movie theater staffer describes what it was like to work Taylor Swift's Eras Tour film premiere, which was so loud it blew out 2 amps"	Taylor Swift's Eras Tour film was so loud it blew the sound system in one theater.	2023-10-21T11:59:01Z
"Gen Z's financial icons revealed: Taylor Swift beats Warren Buffett, and Bill Gates tops the list"	"Bill Gates, BeyoncÃƒÂ©, and Oprah Winfrey made the list of people who embody financial success for Gen Z, according to a new survey of college students."	2023-11-04T08:56:01Z
"Dolly Parton, Taylor Swift, and more celebrities with species named after them"	"Some scientists love naming new species after celebrities. From David Bowie's spider to Dolly Parton's lichen, here are famously named species."	2023-11-12T12:47:02Z
The Meaning Behind Taylor SwiftÃ¢â‚¬â„¢s 1989 Vault Track Ã¢â‚¬ËœSlut!Ã¢â‚¬â„¢	"Taylor Swift boldly reclaims a word that's been hurled at her in 1989 (Taylor's Version), with ""Slut!"""	2023-10-27T17:13:51Z
The Biggest Snubs and Surprises of the 2024 Grammy Nominations	"SZA, Taylor Swift, Victoria MonÃƒÂ©t, and Phoebe Bridgers are among the most nominated artists at the 2024 Grammy Awards."	2023-11-10T17:32:53Z
Taylor Swift Postpones Rio Concert Amid Safety Concerns Following FanÃ¢â‚¬â„¢s Death	"Taylor Swift took to social media on Saturday evening to announce that she was postponing her concert, amid concerns over safety."	2023-11-19T13:07:57Z
A Ranking of Taylor SwiftÃ¢â‚¬â„¢s Ã¢â‚¬ËœFrom the VaultÃ¢â‚¬â„¢ Songs	"With each re-recorded album, Taylor Swift has also released songs that almost made the cut. Here are our favorite 'From the Vault' tracks."	2023-10-25T15:30:13Z
Why do people think Taylor Swift secretly wrote Henry CavillÃ¢â‚¬â„¢s new spy movie?	Argylle stars Henry Cavill and Dua Lipa and is based on a book by author Elly Conway Ã¢â‚¬â€ who Taylor Swift fans are convinced is the pop superstar herself.	2023-10-24T14:00:00Z
Taylor Swift Sets Grammy Awards Record With Ã¢â‚¬ËœAnti-HeroÃ¢â‚¬â„¢ Nomination	The Ã¢â‚¬Å“MidnightsÃ¢â‚¬Â singer received six nominations in all.	2023-11-10T22:14:39Z
Taylor SwiftÃ¢â‚¬â„¢s Ã¢â‚¬ËœAll You Had To Do Was StayÃ¢â‚¬â„¢ Is Criminally Underrated	"It's time to reassess the track from Taylor Swift's 1989, which is set to be rereleased on Oct. 27."	2023-10-26T14:43:39Z
Innovative Ways to Demand an N.B.A. Trade	"If you want attention for your cause, just ask Taylor Swift for help. The Swifties will rally behind whatever she posts."	2023-10-23T16:06:21Z
CBS Shows Just How Much Taylor Swift Affects Travis KelceÃ¢â‚¬â„¢s Game	"The Chiefs tight end averages 99 receiving yards a game when the singer is in attendance, versus 46.5 yards when sheÃ¢â‚¬â„¢s a no-show."	2023-10-23T17:52:34Z
"16 Hilarious Fails From The Internet This Week That Will Make You Laugh So Hard You'll Be Texting This Article To Your Friends Saying ""You Have To Look At This"""	I had to include the Taylor Swift pumpkin because I have been thinking about it every day.View Entire Post Ã¢â‚¬Âº	2023-10-30T20:25:23Z
Taylor Swift named the Apple Music Artist of the Year: Ã¢â‚¬Ëœ2023 (TaylorÃ¢â‚¬â„¢s Version)Ã¢â‚¬â„¢	"Apple has named Taylor Swift the Apple Music Artist of the Year for 2023. Ã¢â‚¬Å“Across the charts, streams, and concert stadiums filled with screaming, bracelet-wearing super fans, Swift undeniably reached a new realm of superstardom this year,Ã¢â‚¬Â Apple explains.   Ã¢â‚¬Â¦"	2023-11-08T16:14:01Z
Taylor Swift gets 'heavenly' welcome from Christ the Redeemer	The famous statue in Rio de Janeiro is illuminated as the global pop sensation arrives on her Eras tour.	2023-11-17T17:03:39Z
Elon Musk appears to have given up on trying to camouflage his private-jet travels with an FAA program used by Jeff Bezos and Taylor Swift	"Elon Musk had signed up for the FAA's PIA program that allows private jet owners to fly incognito, but he appears to have stopped using it for now."	2023-10-28T09:07:01Z
"Tras arrasar con su gira, su pelÃƒÂ­cula y ser la reina del streaming, Taylor Swift consigue un nuevo hito: ser milmillonaria"	"Taylor Swift ha conseguido postrar a sus pies a toda una legiÃƒÂ³n de fans en todo el mundo, pero lo mÃƒÂ¡s importante, es que tambiÃƒÂ©n lo ha hecho con la industria de la mÃƒÂºsica. <!-- BREAK 1 --> Tras arrasar con la gira, triunfar en las salas con unÃ¢â‚¬Â¦ Ã‚Â¿cineconciertoÃ¢â‚¬Â¦"	2023-11-06T19:31:29Z
Nuevo choque entre Taylor Swift y las discogrÃƒÂ¡ficas: los contratos cambian para evitar que otros artistas sigan sus pasos	"Cuando Taylor Swift anunciÃƒÂ³ en 2021 que iba a regrabar todos los discos que editÃƒÂ³ con Big Machine Records, su decisiÃƒÂ³n fue recibida con cierto excepticismo, ya que la artista estaba en medio de una cruenta guerra por la recuperaciÃƒÂ³n de sus masters y se entendÃ¢â‚¬Â¦"	2023-10-31T13:01:55Z
WATCH: Taylor Swift and Travis Kelce share a kiss after her Buenos Aires concert	Video shows the singer and ChiefsÃ¢â‚¬â„¢ tight end embracing each other after her show.	2023-11-12T21:41:20Z
Taylor Swift earnings visualized with bracelet beads	Bloomberg estimates that Taylor Swift reached billionaire status with her recent touring and music releases. Swift achieved the milestone mostly with music. Bloomberg provides the visual splits witÃ¢â‚¬Â¦	2023-10-30T09:43:48Z
Taylor Swift postpones Rio de Janeiro concert after death of fan	The US pop star says she is putting safety first after temperatures in the Brazilian city reached 39.1C.	2023-11-18T22:22:23Z
"Taylor Swift defeats Taylor Swift, also everybody else, with sales for 1989 (Taylor's Version)"	"Taylor Swift has now officially beaten pretty much the only person on the planet giving her a real fight for pop music dominance at the moment: Herself. This is per Deadline, reporting on the first serious sales numbers for SwiftÃ¢â‚¬â„¢s latest release, the (TaylorÃ¢â‚¬Â¦"	2023-11-05T22:41:00Z
This Spotify hack transformed my music Ã¢â‚¬â€ thanks to Taylor Swift	"In the world of music streaming, every note and nuance counts. And thanks to Taylor Swift, indirectly, I've found a hidden setting that you need to turn OFF to have the best experience with your music on Spotify."	2023-10-27T16:15:04Z
"Boygenius, Olivia Rodrigo, and Miley Cyrus Nominated for Record of the Year at 2024 Grammys"	"SZA, Taylor Swift, Billie Eilish, Victoria MonÃƒÂ©t, and Jon Batiste are also up for the award"	2023-11-10T16:15:49Z
Apple Music celebrates Taylor Swift as the Artist of the Year for 2023	"Taylor Swift has been named Apple Music's 2023 Artist of the Year, setting record-breaking milestones and receiving the prestigious Apple Music Award.Throughout the year, Swift achieved remarkable feats such as chart-topping songs, massive streaming numbers, Ã¢â‚¬Â¦"	2023-11-08T16:30:29Z
"14 Celebs Who Have Literally Offered Their Homes, Money, And Other Resources To Other Celebs"	"When Taylor Swift first bought her NYC penthouse in 2014, her then-close friend Karlie Kloss stayed over often enough that she essentially had her own room. It had a basket of Karlie's favorite Whole Foods snacks and pictures of her on the wall.View Entire PoÃ¢â‚¬Â¦"	2023-10-26T16:16:02Z
Report: Taylor SwiftÃ¢â‚¬â„¢s Parents Dating Travis KelceÃ¢â‚¬â„¢s Parents	"NASHVILLE, TNÃ¢â‚¬â€In the latest relationship development that fans of the power couple called Ã¢â‚¬Å“adorable,Ã¢â‚¬Â sources confirmed Thursday that Taylor Swift and Travis KelceÃ¢â‚¬â„¢s parents were dating. Ã¢â‚¬Å“Andrea, Scott, Donna, and Ed are all absolutely smitten with each otherÃ¢â‚¬Â¦"	2023-11-16T19:00:00Z
"Billie Eilish, Dua Lipa, and SZA Nominated for Song of the Year at 2024 Grammys"	"Taylor Swift, Olivia Rodrigo, Lana Del Rey, Jon Batiste, and Miley Cyrus round out the nominees this year"	2023-11-10T16:09:55Z
Taylor Swift has Illuminati money now	"Taylor Swift is officially a billionaire now, and her Eras Tour has added an estimated $4.3 billion to the U.S. gross domestic product this year"	2023-10-27T23:33:00Z
Can Ã¢â‚¬ËœTaylor Swift: The Eras TourÃ¢â‚¬â„¢ Turn a Non-Swiftie? We Put It to the Test	A Rolling Stone editor and self-admitted non Taylor Swift fan reviews the Ã¢â‚¬ËœTaylor Swift: The Eras Tour.'	2023-10-23T16:00:00Z
8 Famous Songs Where the Singer Is Clearly Lying to Us	"We see through you, Taylor Swift. All the clues are there"	2023-11-18T13:00:00Z
Musik: Popstar Taylor Swift stellt weiteren Spotify-Rekord auf	Hier finden Sie Informationen zu dem Thema Ã¢â‚¬Å¾MusikÃ¢â‚¬Å“. Lesen Sie jetzt Ã¢â‚¬Å¾Popstar Taylor Swift stellt weiteren Spotify-Rekord aufÃ¢â‚¬Å“.	2023-10-29T00:03:17Z
Musik: Taylor Swift bricht mit neuem Album eigenen Rekord	Hier finden Sie Informationen zu dem Thema Ã¢â‚¬Å¾MusikÃ¢â‚¬Å“. Lesen Sie jetzt Ã¢â‚¬Å¾Taylor Swift bricht mit neuem Album eigenen RekordÃ¢â‚¬Å“.	2023-11-06T07:16:52Z
"Jack Antonoff Chats, Bleachers Perform Ã¢â‚¬Å“Modern GirlÃ¢â‚¬Â on Fallon: Watch"	"As well as giving the single its TV debut, Antonoff discussed working with Taylor Swift and made an impromptu song with Jimmy Fallon"	2023-11-02T13:15:22Z
Amerikanischer Verlag stellt Taylor-Swift-Reporter ein	"Er soll ÃƒÂ¼ber genau ein Thema berichten: Taylor Swift. In einer viel beachteten Anzeige hatte ein US-Verlag vor einigen Wochen einen Reporter gesucht, der sich ausschlieÃƒÅ¸lich der SÃƒÂ¤ngerin widmet Ã¢â‚¬â€œ nun ist der Job vergeben."	2023-11-08T16:25:00Z
Taylor Swift swerves expectations again with new 1989 track Ã¢â‚¬Å“Slut!Ã¢â‚¬Â	The prologue to 1989 (TaylorÃ¢â‚¬â„¢s Version) explains exactly the kind of scrutiny that the original 1989 album was made under. Ã¢â‚¬Å“I had become the target of slut shamingÃ¢â‚¬â€the intensity and relentlessness of which would be criticized and called out if it happened todÃ¢â‚¬Â¦	2023-10-27T15:34:00Z
Drake shouts out Taylor Swift on surprise release	"Well, it looks like DrakeÃ¢â‚¬â„¢s tummy isnÃ¢â‚¬â„¢t hurting so much anymore. Just weeks after announcing heÃ¢â‚¬â„¢d be taking an extended break from music to deal with some health complicationsÃ¢â‚¬â€specifically the fact that heÃ¢â‚¬â„¢d been having Ã¢â‚¬Å“the craziest problems for years with [Ã¢â‚¬Â¦"	2023-11-17T15:44:09Z
"Revisiting the hits, misses, and moments from Taylor Swift's original 1989"	"Looking at it now, it all seems so simple: the year was 2014, and Taylor Swift turned the world upside down by releasing a pure pop album called 1989. Already a superstar, 1989 sent Swift into the stratosphere. The singles were inescapable, the tour was a triÃ¢â‚¬Â¦"	2023-10-24T15:00:00Z
Stop asking Shawn Levy if Taylor Swift is in Deadpool	"The double-edged sword of operating in Taylor SwiftÃ¢â‚¬â„¢s orbit is that it can shoot you to a new stratosphere of fame, but forever after her presence in your life will be completely inescapable. Just ask director Shawn Levy, who happened to go to a Jets/Chiefs gÃ¢â‚¬Â¦"	2023-10-26T19:23:04Z
NFL-Spiel in Frankfurt: Show und Glanz: Taylor Swift als Symbol fÃƒÂ¼r NFL-Raumschiff	Hier finden Sie Informationen zu dem Thema Ã¢â‚¬Å¾NFL-Spiel in FrankfurtÃ¢â‚¬Å“. Lesen Sie jetzt Ã¢â‚¬Å¾Show und Glanz: Taylor Swift als Symbol fÃƒÂ¼r NFL-RaumschiffÃ¢â‚¬Å“.	2023-11-03T09:47:05Z
Nach Fan-Tod: Taylor Swift verschiebt Konzert in Rio wegen Hitze	Hier finden Sie Informationen zu dem Thema Ã¢â‚¬Å¾Nach Fan-TodÃ¢â‚¬Å“. Lesen Sie jetzt Ã¢â‚¬Å¾Taylor Swift verschiebt Konzert in Rio wegen HitzeÃ¢â‚¬Å“.	2023-11-19T10:11:33Z
Time After Time: The Surprising Connection Between Taylor SwiftÃ¢â‚¬â„¢s Ã¢â‚¬Å“22Ã¢â‚¬Â and HansonÃ¢â‚¬â„¢s Ã¢â‚¬Å“MMMBopÃ¢â‚¬Â	ItÃ¢â‚¬â„¢s possible to sing the chorus to HansonÃ¢â‚¬â„¢s 1997 smash Ã¢â‚¬Å“MMMBopÃ¢â‚¬Â over the chords to Taylor SwiftÃ¢â‚¬â„¢s 2012 hit Ã¢â‚¬Å“22.Ã¢â‚¬Â	2023-11-15T22:00:01Z
Kendrick Lamar and Taylor Swift Re-Record Ã¢â‚¬Å“Bad BloodÃ¢â‚¬Â for 1989 (TaylorÃ¢â‚¬â„¢s Version): Listen	"Ã¢â‚¬Å“Watching [Kendrick Lamar] create and record his verses on the Bad Blood remix was one of the most inspiring experiences of my life,Ã¢â‚¬Â Swift gushed"	2023-10-27T15:44:18Z
"9 New Albums You Should Listen to Now: Taylor Swift, Sofia Kourtesis, and More"	"Stream new releases from Taylor Swift, Sofia Kourtesis, the Mountain Goats, Ragana, Shabazz Palaces, Murda Beatz & Shordie Shordie, Ryan Davis & the Roadhouse Band, MarÃƒÂ­a JosÃƒÂ© Llergo, and New Age Doom & Tuvaband"	2023-10-27T12:38:32Z
Sportpresseball: Kommt Taylor Swift auch noch in die Alte Oper?	In den vergangenen Tagen gab es fast nur eine Frage in Frankfurt: Kommt Taylor Swift zum NFL-Spiel am Sonntag zwischen den Kansas City Chiefs und den Miami Dolphins? Nun soll sie wirklich in der Stadt sein Ã¢â‚¬â€œ behauptet zumindest eine Influencerin.	2023-11-04T20:27:46Z
Sportpresseball: Kommt Taylor Swift auch noch in die Alte Oper?	In den vergangenen Tagen gab es fast nur eine Frage in Frankfurt: Kommt Taylor Swift zum NFL-Spiel zwischen den Kansas City Chiefs und den Miami Dolphins? Nun soll sie wirklich in der Stadt sein Ã¢â‚¬â€œ behauptet zumindest eine Influencerin.	2023-11-04T20:27:46Z
Taylor Swift Just Made Box Office History With The Eras Tour	Taylor Swift: The Eras Tour just became the first concert film in history to top the charts for two consecutive weekends.	2023-10-24T19:00:51Z
"Taylor Swift and Brittany Mahomes Exchange Numbers, Friendship Not for Show"	The budding friendship between Taylor Swift and Brittany Mahomes isn't just for cameras on Sundays ... they've exchanged phone numbers and they're giving BFF vibes!!! Sources close to Taylor and Brittany tell TMZ ... they swapped digits the firstÃ¢â‚¬Â¦	2023-10-29T08:00:30Z
Taylor Swift Saved Public Transport And Now She's Fixing Airlines Too	Airlines will usually stop at nothing to squeeze every penny from you when you book to fly with them. But thereÃ¢â‚¬â„¢s one person who can force their hand and encourage them to scrap change fees for passengers: Ms. Taylor Alison Swift.Read more...	2023-11-13T19:50:00Z
Get Your Parkas Ready For December 2024 Ã¢â‚¬â€œ Canadian Swifties Haven't Been Able To Focus Since Taylor Swift JUST Announced Three New Concert Dates	Step 1) Register for Verified Fan Presale on Ticketmaster. Step 2) Look at flights to Vancouver.View Entire Post Ã¢â‚¬Âº	2023-11-02T21:44:37Z
Taylor Swift Tops Ã¢â‚¬ËœCanceledÃ¢â‚¬â„¢ 2023 MTV EMA Awards	"Taylor Swift, Nicki Minaj, Jung Kook and Maneskin win big at Ã¢â‚¬ËœcanceledÃ¢â‚¬â„¢ 2023 MTV EMA Awards - see full winners list"	2023-11-06T09:32:12Z
Philadelphia Radio Station Won't Play Taylor Swift Songs Ahead of Eagles vs. Chiefs	"While pop superstar Taylor Swift is a native of Pennsylvania and grew up a Philadelphia Eagles fan, her allegiance to Kansas City Chiefs star tight end TravisÃ¢â‚¬Â¦"	2023-11-16T20:29:46Z
"Report: Travis Kelce, Taylor Swift's Parents Expected to Meet at Eagles vs. Chiefs"	Travis Kelce and Taylor Swift appear to be taking the next step in their relationship. The parents of the Chiefs tight end and world-renownedÃ¢â‚¬Â¦	2023-11-15T20:19:58Z
Taylor SwiftÃ¢â‚¬â„¢s Ã¢â‚¬Å“Cruel SummerÃ¢â‚¬Â hits No.1 on Hot 100 because we don't have seasons anymore	"Taylor Swift, perhaps, in between securing the top spot at the American box office for the second week and weeping at the breadth of her domain for there are no more worlds left to conquer, has made another startling step towards world domination. Four years Ã¢â‚¬Â¦"	2023-10-24T03:39:50Z
Taylor Swift and Travis Kelce Make Out After Argentina Concert	"Don't cry for Taylor Swift in Argentina ... she had an amazing show Saturday night, after which she passionately made out with her man. We've seen Trace Kelce and Taylor hold hands, wrap their arms around each other, etc, but this is the first bigÃ¢â‚¬Â¦"	2023-11-12T13:36:32Z
"Taylor Swift postpones Brazil concert after fan dies amidst ""extreme temperatures"""	"Taylor Swift has announced that sheÃ¢â‚¬â„¢s postponing a concert scheduled for tonight in Rio de Janeiro, after a fan died after attending her concert on Friday night in the city. Rio is currently experiencing record heat waves that have generated a heat index (i.eÃ¢â‚¬Â¦"	2023-11-19T01:12:00Z
"Taylor Swift, Brent Faiyaz, Silvana Estrada, and More: This WeekÃ¢â‚¬â„¢s Pitchfork Selects Playlist"	"Our weekly playlist highlights songs that our writers, editors, and contributors are listening to on repeat"	2023-10-30T12:55:43Z
Taylor Swift Lands Biggest Sales Week of Her Career With 1989 (TaylorÃ¢â‚¬â„¢s Version)	The albumÃ¢â‚¬â„¢s No. 1 debut on the Billboard 200 is the best an album has done in sales subce AdeleÃ¢â‚¬â„¢s 25	2023-11-05T20:32:46Z
Taylor Swift Fan Dies at Rio de Janeiro Concert During Heat Wave	"The pop star stopped the show twice to ask the venue to hand out more water, at times taking it upon herself to throw bottles to fans"	2023-11-18T15:27:29Z
"Grammy Nominations 2024: Taylor Swift, SZA, Phoebe Bridgers, and Victoria MonÃƒÂ©t Lead Nominees"	"Billie Eilish, Olivia Rodrigo, and Miley Cyrus also netted multiple nominations this year"	2023-11-10T16:19:51Z
"Taylor Swift Earns 10th No. 1 Song With Ã¢â‚¬Å“Cruel Summer,Ã¢â‚¬Â Reaches Singles Chart Milestone"	SheÃ¢â‚¬â„¢s tied with Stevie Wonder and Janet Jackson for ninth place for the most No. 1 songs on the Billboard Hot 100	2023-10-23T23:23:30Z
The Taylor Swift economy: Red hot	How musicÃ¢â‚¬â„¢s most iconic name became a GDP star	2023-11-01T19:45:00Z
"TMZ: Travis Kelce, Taylor Swift Dating 'Overwhelming' for Jason, Mom Donna and Family"	"Kansas City Chiefs tight end Travis Kelce's relationship with Taylor Swift has been an adjustment for the entire Kelce family, according to TMZ Sports.Ã¢â‚¬Â¦"	2023-10-31T14:35:29Z
"Taylor Swift Money Jar Goes Viral, Husband Makes Wife Pay For Taylor Talk"	"A husband's going viral for putting a Taylor Swift tip jar in his house, and making his wife pay up for every mention of the pop star OR her boyfriend, Travis Kelce! Maryland resident Dana Rice shared the clip of her hubby's new ""invention,""Ã¢â‚¬Â¦"	2023-11-09T15:10:58Z
Taylor Swift Seemingly Struggles to Breathe During Brazil Concert	"Taylor Swift was seemingly gasping for air during her sweltering hot concert in Brazil, freaking out some of her fans. The pop superstar performed for hours in nearly 100-degree heat Friday night at Estadio Nilton Santos stadium in Rio de JaneiroÃ¢â‚¬Â¦"	2023-11-19T14:02:09Z
Taylor Swift Debuts On Brittany Mahomes' Instagram W/ Boozy Photo	Taylor Swift and Brittany Mahomes' friendship is Instagram official ... 'cause the wife of the Chiefs superstar QB finally shared a personal pic from their weekend in NYC where the singer spent some quality time with a few fellow K.C. WAGS! OfÃ¢â‚¬Â¦	2023-11-07T22:17:26Z
Taylor Swift 'Eras' Film Review Goes Viral for Ridiculous Criticism	"Taylor Swift's 'Eras' film got torched by a critic who likened her movie to the downfall of society as we know it -- and all we can say about this over-the-top piece is ... holy crap. This critique -- which is now going viral, for all the wrongÃ¢â‚¬Â¦"	2023-10-21T21:02:27Z
Taylor Swift Mourns Fan Who Died Before Rio Concert	"Taylor Swift has been on the international leg of The Eras Tour. On Friday night, she performed in Rio de Janeiro, Brazil at the Nilton Santos stadium. Many fans fell ill due to the heatwave, with a heat index of 140Ã‚Â° Fahrenheit, and one concertgoer died of cÃ¢â‚¬Â¦"	2023-11-18T15:10:47Z
Taylor SwiftÃ¢â‚¬â„¢s Ã¢â‚¬Å“Cruel SummerÃ¢â‚¬Â Hits #1 Four Years After Release	"When Taylor Swift released Lover in the summer of 2019, Swifties quickly identified the surging synth-pop track Ã¢â‚¬Å“Cruel SummerÃ¢â‚¬Â as the albumÃ¢â‚¬â„¢s most obvious hit. But the song was never released as a single, and then COVID struck, and then suddenly Swift had sevÃ¢â‚¬Â¦"	2023-10-23T18:05:47Z
Taylor Swift Seemingly Teases Coffee-Themed Ã¢â‚¬ËœFrom the VaultÃ¢â‚¬â„¢ Lyrics Ahead of Ã¢â‚¬Ëœ1989 TVÃ¢â‚¬â„¢ Release	"On Tuesday, Taylor Swift shared handwritten lyrics that fans think are from a 'From the Vault' track on '1989 (Taylor's Version).'"	2023-10-24T23:25:36Z
Why Are People So Obsessed With Taylor Swift and Travis Kelce? Rolling Stone Staff Has Theories	Rolling Stone staffers offer their own theories as to why everyone is so obsessed with Taylor Swift and Travis Kelce's relationship.	2023-11-16T19:33:48Z
Taylor Swift Fonts Identified + Free Alternatives	"Explore the captivating world of Taylor Swift fonts, enhancing the visual impact of her music. Discover how typography elevates her musical artistry."	2023-10-30T03:25:04Z
NFL Fans Think Josh Allen Used 'Taylor Swift' Audible During 'TNF' Game	Some NFL fans think Taylor Swift-mania made it all the way to Buffalo on Thursday night ... convinced quarterback Josh Allen used an audible featuring the pop star's name during the Bills vs. Bucs game. The moment happened just minutes into theÃ¢â‚¬Â¦	2023-10-27T13:18:25Z
"See Taylor Swift Debut Ã¢â‚¬ËœSuburban Legends,Ã¢â‚¬â„¢ Unearth Ã¢â‚¬ËœStay BeautifulÃ¢â‚¬â„¢ at Rio Show"	"Taylor Swift dug out another pair of deep cuts in Rio De Janeiro Friday as the singer performed ""Suburban Legends"" and ""Stay Beautiful."""	2023-11-18T14:04:32Z
"The Strikes Are Over, but the Damage to Theaters Has Just Begun"	"Taylor Swift, ""Barbie,"" ""Oppenheimer,"" and ""Sound of Freedom"" saved 2023. Next year will need more surprise blockbusters to paper over the gaps."	2023-11-13T13:30:00Z
"Well, Travis Kelce might as well have a #1 song now too"	"Much like the sun, the incredible power of Taylor SwiftÃ¢â‚¬â„¢s light tends to reflect on those closest to her, and like the moon, her boyfriend Travis Kelce is glowing all the brighter because of it. Kelce is probably the most famous (American) football player in Ã¢â‚¬Â¦"	2023-11-16T21:05:49Z
5 contenidos musicales para ver en Disney+ si te gustÃƒÂ³ Ã¢â‚¬ËœTaylor Swift: The ErasÃ‚Â TourÃ¢â‚¬â„¢	"La pelÃƒÂ­cula Taylor Swift: The Eras Tour se ha convertido en uno de los grandes ÃƒÂ©xitos del aÃƒÂ±o 2023. Para sorpresa de la industria cinematogrÃƒÂ¡fica, la grabaciÃƒÂ³n de uno de los conciertos de la gira de la artista, cautivÃƒÂ³ incluso a los que no son sus seguidores.Ã¢â‚¬Â¦"	2023-10-20T14:24:40Z
El fenÃƒÂ³meno Taylor Swift es tan grande que un paÃƒÂ­s quiere aprovecharse disimuladamente de ÃƒÂ©l: Israel	"Todo lo que rodea a Taylor Swift se ha convertido en un negocio redondo. La artista, Ã‚Â que empezÃƒÂ³ su carrera en la mÃƒÂºsica country en 2006 es ahora la cantante mÃƒÂ¡s aclamada de Estados Unidos en la actualidad, con 12 premios Grammy, 40 American Music Awards y doÃ¢â‚¬Â¦"	2023-10-20T16:30:37Z
HereÃ¢â‚¬â„¢s A Breakdown Of All Of The Taylor Swift Lyrics That Seemingly Ã¢â‚¬Å“ManifestedÃ¢â‚¬Â Her Relationship With Travis Kelce	"IsnÃ¢â‚¬â„¢t it just so pretty to think, all along there was some invisible string tying him to her?View Entire Post Ã¢â‚¬Âº"	2023-10-20T12:14:29Z
"Taylor Swift, SZA, and Lana Del Rey Nominated for Album of the Year at the 2024 Grammys"	"Also in the running are Olivia Rodrigo, Boygenius, Janelle MonaÃŒÂe, Miley Cyrus, and Jon Batiste"	2023-11-10T16:16:29Z
Christopher Nolan tried to warn us about oncoming Taylor Swift	"Her impact in Hollywood has been Swift and merciless. Within weeks of announcing her concert documentary, Taylor Swift: The Eras Tour, would be getting an exclusive run in AMC Theatres, chaos reigned. Exorcists scuttled from release dates, friendship braceletÃ¢â‚¬Â¦"	2023-10-19T22:44:00Z
"Biden turns 81, pardons turkeys, confuses Taylor Swift with Britney Spears"	"""That's a big bird, man. I'm impressed"" Biden said during the ceremony where he confused Britney Spears and Taylor Swift."	2023-11-20T19:15:27Z
Promi-Paar : Travis Kelce schwÃƒÂ¤rmt von Taylor Swift	Hier finden Sie Informationen zu dem Thema Ã¢â‚¬Å¾Promi-Paar Ã¢â‚¬Å“. Lesen Sie jetzt Ã¢â‚¬Å¾Travis Kelce schwÃƒÂ¤rmt von Taylor SwiftÃ¢â‚¬Å“.	2023-11-21T17:01:18Z
The Taylor Swift Info War	"Over the weekend, Taylor Swift played a long-awaited string of concerts in Brazil. And it was, by all accounts, a disaster."	2023-11-20T19:20:13Z
A Brazilian Swiftie Went Home With the Heel From Taylor SwiftÃ¢â‚¬â„¢s Bejeweled Louboutin Boots	"Taylor Swift broke her heel during the 'Lover' segment of her Eras tour show in Rio De Janeiro, Brazil."	2023-11-21T14:01:26Z
Watch Taylor Swift Debut Ã¢â‚¬ËœBigger Than the Whole SkyÃ¢â‚¬â„¢ in Rio	Taylor Swift live debuted Ã¢â‚¬ËœBigger Than the Whole SkyÃ¢â‚¬â„¢ at her Eras Tour concert in Rio de Janeiro on Sunday night.	2023-11-20T11:19:29Z
		
Title	Description	Published At
Fans troll Taylor Swift as Simone Biles braves freezing Lambeau Field to watch partners in Packers vs Chiefs game	Simone Biles had a front row seat for the Green Bay Packers upset win over the Kansas City Chiefs.The legendary gymnast was in attendance at a snowy L	2023-12-04T11:10:18Z
Apple's Taylor Swift 2023 Artist of the Year celebration could be coming to Apple TV	"Taylor Swift is Apple Music's 2023 Artist of the Year, and the celebration event in NYC could be filmed for a special on Apple's streaming service."	2023-12-04T10:49:47Z
Ryan Reynolds trolls Taylor Swift and wife Blake Lively with hilarious picture of him and Travis Kelce	Ryan Reynolds was the big winner on a night when Taylor Swift watched Travis Kelce and the Kansas City Chiefs lose.The Deadpool star and Wrexham co-ow	2023-12-04T10:36:18Z
Taylor Swift Cheers On Travis Kelce at Green Bayâ€™s Chiefs-Packers Game	Welcome to Green Bay. Taylor Swift went to Wisconsin to support Travis Kelce as the Kansas City Chiefs took on the Green Bay Packers at Lambeau Field.	2023-12-04T02:29:55Z
Taylor Swift attends Travis Kelce's Chiefs vs. Packers game in Green Bay	Taylor Swift supported boyfriend Travis Kelce at the Kansas City Chiefs game against the Green Bay Packers Sunday night following the South American leg of her Eras Tour.	2023-12-04T00:14:30Z
Ryan Reynolds superimposes Travis Kelce and himself on Blake Lively and Taylor Swift photo	Ryan Reynolds shared a hilarious edit of himself and NFL star Travis Kelce on a photo of wife Blake Lively alongside singer Taylor Swift taken at Beyonce's UK premiere	2023-12-03T23:59:43Z
Taylor Swift and Travis Kelce Spotted at Kansas City Christmas Bar	"Taylor Swift was spotted back in Kansas City with Travis Kelce , this time at a Christmas pop-up bar, where they and his Kansas City Chiefs teammates enjoyed a holiday party."	2023-12-03T22:54:41Z
NBA star shares true feelings on Taylor Swift who also sent LA Clippers player message	Russell Westbrook is in his first full season with the LA Clippers in the NBA and has expressed his admiration for pop star and 12-time Grammy Award winner Taylor Swift	2023-12-03T22:43:22Z
Taylor Swiftâ€™s â€˜1989 (Taylorâ€™s Version)â€™ Back Atop Billboard 200	Taylor Swift's '1989 (Taylor's Version)' returns to No.	2023-12-03T21:20:22Z
Taylor Swift fans spot clue she will release another new album in February after celebrating 1989 re-release success	"2023 has been quite the year for Taylor Swift.Not only is she trekking the globe with her sell out Eras Stadium Tour, but sheâ€™s also found time to r"	2023-12-03T20:00:00Z
"Taylor Swift, Travis Kelce fans slam MMA star for â€˜dumbâ€™ conspiracy theory"	"Paige VanZant suggested Taylor Swift, Travis Kelceâ€™s isnâ€™t real and is just a â€˜publicity stuntâ€™"	2023-12-03T19:00:00Z
"Taylor Swift, Travis Kelce hilariously match in squirrel sweaters"	"Taylor Swift, Travis Kelce were seemingly poking fun at Kelceâ€™s re-surfaced â€œsquirrelâ€ tweets"	2023-12-03T19:00:00Z
"Taylor Swift, Travis Kelce visit Kansas City Christmas bar seemingly in matching squirrel sweaters"	"Taylor Swift and Travis Kelce were photographed at a Christmas bar in Kansas City Friday night, seemingly in matching squirrel sweaters following the NFL starâ€™s now-viral â€œsquirleâ€ tweet."	2023-12-03T16:05:41Z
"Blake Lively Shares Thoughts on BeyoncÃ© and Taylor Swift ""Aligning"""	"After BeyoncÃ© and Taylor Swift reunited again, this time at the ""Crazy in Love"" singer's Renaissance tour film premiere, Blake Lively weighed in on their show of unity."	2023-12-02T23:25:00Z
Simone Biles and Taylor Swiftâ€™s Epic Cheer Outfits Go Viral Days Before the Chiefs vs. Green Bay Packers NFL Showdown	"As the Green Bay Packers are set to go against the Kansas City Chiefs soon, here are the top cheer outfits of Taylor Swift and Simone Biles."	2023-12-02T17:13:18Z
"After Leaving Travis Kelce for Beyonce, Will Taylor Swift Cheer for Chiefs vs. Packers? Matt LaFleur â€˜Heardâ€™ Something"	The Green Bay Packers head coach Matt LaFleur updated NFL fans on Taylor Swift's much-anticipated appearance at the Packers-Chiefs game.	2023-12-02T12:13:09Z
Travis Kelce Reveals Sweet Moniker for Taylor Swift While Thanking Her for Her Support	The Kansas City tight end Travis Kelce sweetly thanked Taylor Swift for her support on a new episode of his 'New Heights' podcast.	2023-12-02T03:45:01Z
Travis Kelce gets Taylor Swift dating advice from Lamar Odom	"Former NBAer Lamar Odom, who had a high-profile marriage with Khloe Kardashian, was asked about how the Chiefs' star tight end Travis Kelce should handle his budding relationship with pop sensation Taylor Swift."	2023-12-02T02:47:29Z
Taylor Swift set to earn over $100M from Spotify alone in 2023	Taylor Swift is set to earn more than $100 million from Spotify alone in 2023 as the hitmaker continues to profit from the international leg of her Eras Tour.	2023-12-02T01:40:55Z
Taylor Swift Will Earn Over $100M From Spotify This Year	"Taylor Swift's Spotify streams: How much are they worth? According to Billboard's estimates, more than $100 million in 2023 alone."	2023-12-01T22:31:17Z
WSJ Opinion: Taylor Swift Should Be 2023's Person of the Year	"The economic boost from the ""Eras' tour, her ability to bring joy to fan's lives, and her fairytale romance with Travis Kelce are some of the reasons that Taylor Swift is the best thing to happen in America this year. Images: AP Composite: Mark Kelly"	2023-12-01T22:28:00Z
Taylor Swift cozies up to BFF Blake Lively at BeyoncÃ©'s 'Renaissance' premiere in London	"Taylor Swift, 33, and BFF Blake Lively, 36, hung out at BeyoncÃ©'s ""Renaissance"" film premiere in London. Swift posted photos with both women."	2023-12-01T21:41:57Z
BeyoncÃ©'s concert film is more enjoyable than Taylor Swift's	"Although the movies aren't meant to compete, BeyoncÃ©â€™s ""Renaissance"" is a collective act of joyous creation rather than a one-woman show."	2023-12-01T19:30:00Z
"Travis Kelce thanks JR Moehringer, author of Prince Harry's 'Spare' for writing about Taylor Swift, NFL"	Travis Kelce appreciated Moehringer for writing about his recent interview about Taylor Swift and life in the NFL	2023-12-01T19:00:00Z
Taylor Swift's fierce denial of Joe Alwyn marriage rumor stirs fans	"As Taylor Swift reportedly 'plays house' with Travis Kelce, her longtime publicist slams a claim about her alleged secret wedding to Joe Alwyn."	2023-12-01T18:23:34Z
Taylor Swift Publicist Blasts Rumor Singer Married Joe Alwyn	The singer's PR rep Tree Paine was responding to celebrity gossip account Deuxmoi.	2023-12-01T17:33:22Z
Big Boost for NFL as Relationship of Travis Kelce & Taylor Swift Creates Economic Impact in Kansas City	Travis Kelce and Taylor Swift's superstar saga reshapes Kansas City's playbook. Chart-topping milestones and economic symphony unfold!	2023-12-01T17:03:57Z
"No, Taylor Swift and Joe Alwyn Never Got Married"	Taylor Swiftâ€™s publicist Tree Paine and Instagram gossip account DeuxMoi are duking it out online over the rumor that Swift was married to Joe Alwyn. Look what you made Tree do.	2023-12-01T16:51:00Z
"Mariska Hargitay Named Her Cat After A Taylor Swift Song, And The Comments Are A+"	"After Taylor Swift named her cat after Mariska Hargitay's SVU character, the actress returned the favor by naming her cat after a Swift song."	2023-12-01T16:23:54Z
Taylor Swiftâ€™s Rep Slams Rumors Singer Was Married to Joe Alwyn	Taylor Swift's rep Tree Paine slammed gossip site DeuxMoi over the rumor the singer secretly married Joe Alwyn.	2023-12-01T16:08:36Z
Taylor Swift Is iHeartRadioâ€™s Top Artist of 2023	Taylor Swift is iHeartRadio's Top Artist of 2023. Get the details.	2023-12-01T16:00:00Z
What Is the Message of Taylor Swiftâ€™s Music?	She doesnâ€™t blame her parents for any of her self-perceived problems. Thatâ€™s a start.	2023-12-01T15:38:00Z
"After BeyoncÃ© attended her concert film, Taylor Swift attends premiere for ""Renaissance"" concert film"	"BeyoncÃ© attended a star-studded premiere in London with guests such as Taylor Swift, who debuted her own concert film earlier this year and received support from BeyoncÃ©."	2023-12-01T15:30:43Z
Taylor Swiftâ€™s publicist slams gossip account Deuxmoi for Joe Alwyn marriage rumors	Taylor Swiftâ€™s publicist is calling out one of social mediaâ€™s most popular celebrity gossip accounts.	2023-12-01T14:21:07Z
Taylor Swiftâ€™s Publicist Denies That She Married Joe Alwyn in Secret	Taylor Swift's publicist denied the rumors that the singer married her ex Joe Alwyn in secret before their split.	2023-12-01T14:15:55Z
"Taylor Swiftâ€™s Rep Slams ""Insane"" Joe Alwyn Marriage Rumors"	Taylor Swift's rep Tree Paine publicly addressed a claim that the Grammy winner and ex Joe Alwyn once had a marriage-like ceremony.	2023-12-01T13:35:00Z
'Pain and trauma'	Taylor Swift and Joe Alwyn split in April after six years of dating.	2023-12-01T13:16:09Z
Taylor Swift's publicist slams 'insane' Joe Alwyn marriage rumors	Taylor Swift's longtime publicist Tree Paine has slammed rumors that the singer secretly tied the knot with her ex-boyfriend Joe Alwyn prior to their breakup.	2023-12-01T09:48:58Z
Taylor Swift's Publicist Slams Deuxmoi Rumors About Joe Alwyn Marriage	"Taylor Swift's publicist is shutting down rumors that the pop star was secretly married to ex boyfriend Joe Alwyn, writing ""enough is enough."""	2023-12-01T06:53:22Z
Taylor Swiftâ€™s Publicist Wants Deuxmoi â€˜Held Accountableâ€™ For Claims Pop Star Married Joe Alwyn	"â€œEnough is enough,â€ Tree Paine said on X, slamming Deuxmoi for â€œthe pain and trauma you cause with posts like these.â€"	2023-12-01T05:00:00Z
NFL flexes Chiefs-Patriots off 'Monday Night Football'	Not even the Taylor Swift-Travis Kelce craze could keep the Week 15 matchup between the Kansas City Chiefs and New England Patriots in the â€œMonday Night Footballâ€ spotlight.	2023-12-01T01:19:54Z
"Taylor Swift Walks â€˜Renaissanceâ€™ Red Carpet, Returning Favor To BeyoncÃ©"	"After BeyoncÃ© made a surprise appearance at the premiere of The Eras Tour, Swift returned the favor, showing up at the London premiere of Renaissance."	2023-12-01T00:22:34Z
Beyonce has Taylor Swift as VIP guest of honour at Renaissance premiere as starâ€™s team put up ring of steel around event	"POP stars Taylor Swift and Beyonce legged it on to the red carpet tonight in scanty outfits â€” despite Britainâ€™s big chill.Taylor, 33, arrived firs"	2023-11-30T22:06:02Z
Taylor Swift and BeyoncÃ©(â€™s Publicists) Had a Big Day	Taylor Swift swung the private jet by the London premiere of BeyoncÃ©â€™s Renaissance film. It was a big day for both pop stars(â€™ publicists).	2023-11-30T21:56:33Z
Taylor Swift fans go wild over Mariska Hargitayâ€™s new cat's name	"Taylor Swift fans were sent into frenzy after Mariska Hargitay named her cat Karma in honor of the singer, who also has a cat named Olivia Benson."	2023-11-30T20:48:31Z
BeyoncÃ© concert film to debut on heels of Taylor Swift's 'Eras Tour' movie success	"The release of both concert films has come at a critical time for theaters as the nearly five-month-long writers strike, coupled with the recently concluded actors strike, caused multiple disruptions to the film release schedule."	2023-11-30T20:43:51Z
"Rita Ora, Gwyneth Paltrow and Lily Allen reveal their Spotify Wrapped playlists as Taylor Swift and Dave triumph"	"YES, itâ€™s that time of the year again, when Spotify Wrapped shows streamers who they have been listening to and for how long.The individualised char"	2023-11-30T20:14:40Z
Taylor Swift Hints â€œSweet Nothingâ€ Is Really About This Celeb Couple	"Taylor Swift just dropped a clue as to who inspired her song ""Sweet Nothing,"" and it looks like the Grammy winner drew from more than her relationship with ex Joe Alwyn for the love song."	2023-11-30T19:45:00Z
Taylor Swift jets to London to attend BeyoncÃ©'s 'Renaissance' film premiere without Travis Kelce	"Taylor Swift jetted to London to attend BeyoncÃ©'s ""Renaissance"" film premiere Thursday â€” without her NFL star boyfriend, Travis Kelce."	2023-11-30T19:38:24Z
Taylor Swift Joins BeyoncÃ© for London 'Renaissance' Premiere	Taylor Swift made a trip to London to support BeyoncÃ© at the premiere of her 'Renaissance' concert film.	2023-11-30T18:46:23Z
What It Takes to Be in the One Percent-of Taylor Swift Fans	Swifties listened to billions of the superstarâ€™s songs for countless hours in 2023. Some even achieved their wildest dreams.	2023-11-30T18:30:00Z
Travis Kelceâ€™s Mom Donna Listens to Taylor Swift Song in Cruise Video	Donna Kelce played one of Taylor Swift's song in the background of her Instagram video on a cruise ship.	2023-11-30T14:32:28Z
"Spotify Wrapped, in review: Indie fixations, a first dance and Taylor Swift top our year-end playlists"	"The Globe and Mailâ€™s biggest music fans review their Wrapped playlists and reflect on how surprised, or even shocked they were by their top artists and songs"	2023-11-30T13:00:00Z
"Jack Antonoff seemingly hints at Taylor Swift, Joe Alwyn's breakup timeline"	"Jack Antonoff revealed when his and Taylor Swift's ""You're Losing Me"" was written, seemingly giving insight into her and Joe Alwyn's breakup."	2023-11-30T12:14:15Z
What It Takes to Be in the 1%â€”of Taylor Swift Fans	"Swifties listened to billions of the superstarâ€™s songs for countless hours in 2023, and some even achieved their wildest dreams"	2023-11-30T10:30:00Z
Forget Taylor Swift or Giorgia Meloni. Thereâ€™s one outstanding candidate for Person of the Year	"Thinking about 2023 through the lens of its towering individuals is a good practice in much-needed introspection. So, who might make the cut?"	2023-11-30T06:00:00Z
Army and Navy visit New England in advance of rivalry game	"Jonathan Kraft said ""the ticket demand"" for the Army-Navy game is greater than any other event held at Gillette Stadium, including AFC Championship games and Taylor Swift concerts."	2023-11-30T03:37:40Z
Proof Donna Kelce Is Saying Yes Instead of No to Taylor Swift	Donna Kelceâ€™s vacation playlist proved that she's a true Taylor Swift fan amid her son Travis Kelce's romance with the singer.	2023-11-30T02:58:28Z
Travis Kelce's Friends Believe That His Relationship With Taylor Swift Is the â€˜Real Dealâ€™	"Friends said Kelce and Swift have a mutual respect for each otherâ€™s success and their relationship is ""growing"" because they support each other."	2023-11-30T02:30:03Z
Why Swifties Think Taylor Swift & Ex Joe Alwyn Had Issues 2 Years Ago	"After Jack Antonoff revealed Taylor Swift wrote ""You're Losing Me"" in December 2021, Swifties speculated that the singer and Joe Alwyn were on the rocks two years before their split made headlines."	2023-11-30T01:29:19Z
"2023 The Year In Photos: Layoffs, Strikes, Taylor Swift, â€˜Suitsâ€™ & â€˜Barbieâ€™"	"Scroll through the photos below to see a tally of the 2023's most seismic showbiz events, a few of which you may have already forgotten."	2023-11-30T01:09:22Z
"Fans catch Travis Kelce's mom, Donna, playing Taylor Swift music in new video"	"Fans caught Travis Kelce's mom, Donna Kelce, subtly playing Taylor Swift's music while showing off her cruise suite in a new Instagram video."	2023-11-30T00:48:28Z
"BTS Docuseries Trailer, Taylor Swift Reacts to New Travis Kelce Record"	"Taylor Swift reacts to Travis Kelce's new record, a trailer for BTSâ€™ new docuseries has dropped, Selena Gomez's new Food Network special and more!."	2023-11-29T21:55:47Z
"Taylor Swift, Travis Kelce visit Patrick, Brittany Mahomes' mansion: report"	Taylor Swift and Travis Kelce reportedly paid friends Patrick and Brittany Mahomes a visit at the latter's massive Kansas City mansion on Tuesday morning.	2023-11-29T21:13:21Z
Spotify Wrapped: Taylor Swift most-streamed artist of 2023	"It's her, hi - Taylor Swift is Spotify's 2023 most-played artist."	2023-11-29T21:00:15Z
â€˜Almost like election nightâ€™: behind the scenes of Spotify Wrapped	"The internet is abuzz with the results of this yearâ€™s rundown, with Taylor Swift coming out on top as 2023â€™s most streamed artist"	2023-11-29T20:50:44Z
Guelph police reporting more Taylor Swift ticket scams	Swift's Eras Tour is coming to Toronto next year	2023-11-29T19:51:00Z
Taylor Swiftâ€™s Eras Tour On Track to Become Top Grossing Global Tour	"Taylor Swift's Eras Tour is on track to become the top grossing global tour of all time and passing Elton John's record, Billboard estimates."	2023-11-29T19:48:00Z
Taylor Swift Kicks a Male Off of Spotify's Throne	"It's her, hiâ€”Taylor Swift is Spotify's 2023 most-played artist. According to Spotify Wrapped, Swift was 2023's most-streamed artist globally, raking in more..."	2023-11-29T19:31:00Z
"Travis Kelce shops at Trader Joe's, unbothered by Kansas City fans"	"Kansas City Chiefs star Travis Kelce takes a shopping trip to Trader Joe's in Leawood, amid rumors that girlfriend Taylor Swift is visiting."	2023-11-29T19:12:54Z
"Taylor Swift is Spotify's most-streamed artist of 2023, ending Bad Bunny's 3-year reign"	"According to Spotify Wrapped, Taylor Swift was 2023's most-streamed artist globally, raking in more than 26.1 billion streams since January 1."	2023-11-29T19:05:00Z
Is Taylor Swift having a child with Travis Kelce?	Taylor Swift and Travis Kelce move-in together	2023-11-29T19:00:00Z
Travis Kelce let slip adorable nickname for Taylor Swift	Travis Kelce and Taylor Swift have reportedly been dating since September 2023	2023-11-29T19:00:00Z
Travis Kelce Thanks Taylor Swift for Her Reaction to His New NFL Record	Travis Kelce thanked Taylor Swift for her reaction to his new NFL record. Listen to the clip here.	2023-11-29T17:13:47Z
Travis Kelce shares secret nickname for Taylor Swift as Chiefs star thanks A-list girlfriend for support	It has become so serious between one of the best tight ends in NFL history and pop music superstar Taylor Swift that a cute nickname has been created.	2023-11-29T17:13:44Z
"Eras Tour, Travis Kelce, album news, more"	"Follow Page Six's live updates for the latest Taylor Swift news: Eras Tour, Travis Kelce relationship, surprise songs, easter eggs and more."	2023-11-29T16:22:38Z
Travis Kelce Reacts to Taylor Swiftâ€™s Support for His Career Milestone	"After Taylor Swift reacted to Travis Kelceâ€™s football milestone on social media, the Kansas City Chiefs player gave the Grammy winner a sweet shoutout."	2023-11-29T15:58:21Z
Taylor Swift was Spotify's most-streamed artist in 2023. Here's how to see Spotify Wrapped	"Taylor Swift was the most-streamed artist globally in 2023, according to Spotify Wrapped. Here's how you can find who you spent the most time with this year."	2023-11-29T15:51:00Z
Spotify Wrapped 2023: the big winners and losers of this year's lists	"Unsurprisingly, Taylor Swift, Drake and Bad Bunny topped the charts"	2023-11-29T15:25:35Z
Sabrina Carpenter on Touring With Taylor Swift and Church Controversy	"Sabrina Carpenter, who has been named Variety's Hitmakers Rising Star of 2023 (presented by City National Bank), talks about her standout year."	2023-11-29T15:00:00Z
Spotify Wrapped 2023 updates - Taylor Swift dominates but fans struggle to access new features - how to get yours now	"SPOTIFY Wrapped 2023 is finally here as millions wait to see their music stats for the year.First launched in 2016, Spotify Wrapped collects all your"	2023-11-29T13:54:32Z
Taylor Swift is Spotifyâ€™s most-streamed artist of 2023	"According to Spotify Wrapped, Swift was 2023â€™s most-streamed artist globally, raking in more than 26.1 billion streams since January 1."	2023-11-29T13:20:00Z
Taylor Swift Is Spotifyâ€™s Top Artist of 2023	"Taylor Swift is Spotify's top artist of 2023, with more than 26.1 billion streams since Jan. 1. Get the details."	2023-11-29T13:00:00Z
"Most streamed artists, albums and songs in UK"	"Spotify Wrapped 2023 is here, and these are the most streamed artists, songs and albums in the UK for the year including Taylor Swift, Drake, The Weeknd."	2023-11-29T12:56:26Z
Taylor Swiftâ€™s Reportedly Staying in Travis Kelceâ€™s Mansion For Weeks	Taylor Swift is reportedly staying with Travis Kelce in his Kansas City mansion for the next few weeks.	2023-11-29T02:22:31Z
Taylor Swift shacking up with Travis Kelce in his $6M Kansas City house for the next few weeks: report	"Taylor Swift is reportedly planning to hunker down in boyfriend Travis Kelce's new Kansas, City, Mo., mansion now that she's back from South America."	2023-11-29T00:06:34Z
Taylor Swift is Spotify's most streamed artist for 2023	Taylor Swift continues to dominate the musical landscape as she is named the most streamed artist on Spotify this year.	2023-11-29T00:00:00Z
Taylor Swift â€˜Feeling So Proud & Movedâ€™ After 2023 Eras Tour Shows	Taylor Swift expressed her gratitude for completing the 2023 leg of The Eras Tour in a tweet shared to X -- see it here.	2023-11-28T23:28:30Z
Travis Kelce Ordered a Matching Jersey for Taylor Swift Amid Romance	Travis Kelce reportedly had matching custom Jerseys made for brother Jason Kelce and girlfriend Taylor Swift amid their ongoing romance.	2023-11-28T21:47:33Z
"Taylor Swift, Bad Bunny, Miley Cyrus: Spotify's trio of streaming champions"	Artists dominate streaming service in 2023	2023-11-28T19:00:00Z
Everything You Missed	"Taylor Swift has taken the Swift Show back on the road for the Eras Tour, her first trek in five years. A 151-stop worldwide Swift road trip also means so many Easter eggs."	2023-11-28T19:00:00Z
Naperville family says â€˜Merry Swiftmasâ€™ with Taylor Swift decorations	"For the holidays this year, one Naperville family has decided to pay homage to Taylor Swift by giving their over-the-top rooftop to sidewalk Christmas decorations a Swiftie flare."	2023-11-28T18:38:00Z
Ex-Chiefs QB's life 'about to change' after fans find Taylor Swift photo	Former Chiefs quarterback Chase Daniel is feeling the Travis Kelce-Taylor Swift effect.	2023-11-28T17:38:13Z
"Travis Kelce gets matching basketball jerseys with Taylor Swift, brother Jason"	"Travis Kelce bought custom matching basketball jerseys from his alma mater, University of Cincinnati, for girlfriend Taylor Swift and brother, Jason Kelce."	2023-11-28T17:32:20Z
How Taylor Swift Reportedly Reacted To Travis Kelce Breaking A Chiefs Record	Taylor Swift publicly supported Travis Kelce after he broke a franchise record during the recent Chiefs games.	2023-11-28T17:26:48Z
How Taylor Swift Owned 2023 With 'Anti-Hero' and 'Cruel Summer'	"Taylor Swift rode atop 2023 radio and streaming with 'Anti-Hero' and 'Cruel Summer,' but there was nothing completely predictable about either smash."	2023-11-28T17:05:00Z
Taylor Swift Classes Added at Harvard & University of Florida for 2024	Taylor Swift classes have been added to Harvard and the University of Florida's 2024 schedules. Details here.	2023-11-28T16:28:07Z
Taylor Swift crowned Apple Music's artist of the year for 2023	Taylor Swift has been crowned Apple Music's artist of the year for 2023 after a record-breaking year for the pop superstar.	2023-11-28T15:04:48Z
Chef behind Taylor Swift-approved restaurant heading to Florida	"Anthony Vitolo, the executive chef behind one of Taylor Swift's favorite Italian restaurants in New York City, Emilio's Ballato, is opening a new eatery in Fort Lauderdale, Fla."	2023-11-28T15:00:00Z
You still owe taxes on resold Taylor Swift concert tickets	"IRS delayed a tax reporting change for payments apps like Venmo or PayPal. But you may still owe taxes for resold Taylor Swift tickets, experts say."	2023-11-28T14:44:41Z
Taylor Swift 'turned down offer to perform at King's coronation'	A new book claims the 33-year-old musician passed on an offer to perform at the coronation concert on 7 May. Swift was in Nashville on her Eras Tour during that weekend.	2023-11-28T14:30:00Z
Taylor Swift flies to Kansas City after Brazil Eras Tour shows	"Taylor Swift traveled to Kansas City, Mo., via a private jet to visit her boyfriend, Travis Kelce, after wrapping up her 2023 Eras Tour shows in Brazil."	2023-11-28T13:40:40Z
Taylor Swift Meets Family of Deceased 23-Year-Old Fan and Hosts Them at Sao Paulo Performance	"Ana Clara Benevides, a psychology major and an ardentÂ Taylor Swift fan, died of a heart attack before the Rio de Janeiro concert began on November 17."	2023-11-28T13:14:38Z
Taylor Swiftâ€™s â€˜Eras Tourâ€™ Concert Movie Passes $250M in Worldwide Gross	Taylor Swift's 'Eras Tour' concert film has passed the $250 million mark in worldwide grosses.	2023-11-28T12:36:53Z
"Taylor Swift, Morgan Wallen Top Apple Music's Year-End Charts"	"Taylor Swift and Morgan Wallen lead Apple Music's year-end statistics for most-listened songs, albums and artists."	2023-11-28T12:00:00Z
â€˜Taylor Swift: The Eras Tourâ€™ Tops $250M Worldwide Box Office	"With its seventh weekend numbers tallied, Taylor Swift: The Eras Tour has just edged the $250 million global box office benchmark"	2023-11-28T08:59:24Z
Taylor Swift Acknowledges Travis Kelce's Record-Breaking Achievement	"Taylor Swift ""liked"" her beau's achievement on the Kansas City Chiefs' official IG page."	2023-11-28T06:54:21Z
Taylor Swift class launches at Harvard University in 2024	"""Taylor Swift and Her World"" will dive into the singerâ€™s evolution and her artistic counterparts, according to professor Stephanie Burt."	2023-11-28T05:00:00Z
Morgan Wallen tops Apple Music's 2023 song chart while Taylor Swift and SZA also top streaming lists	Country singer Morgan Wallenâ€™s â€œLast Nightâ€ tops Apple Musicâ€™s global song chart in 2023.	2023-11-28T04:10:44Z
Taylor Swift Declined to Perform at King Charles IIIâ€™s Coronation	Taylor Swift reportedly declined to perform at King Charles III's coronation ceremony in May.	2023-11-28T02:18:39Z
Travis Kelce's friends believe Taylor Swift romance is the 'real deal': report	"Friends of the Kansas City Chiefs tight end Travis Kelce gushed over his and Taylor Swift's romance, noting that they think it's the ""real deal."""	2023-11-28T01:35:59Z
TikToker Catches Boyfriend Teaching Puppy Important Taylor Swift News	A viral TikTok shared by user @maya.	2023-11-28T00:15:03Z
Taylor Swift crowned Apple Musicâ€™s artist of the year for 2023	More Apple Music subscribers listened to Swift in 2023 than any other artist in the world.	2023-11-28T00:00:00Z
Travis Kelceâ€™s Friends Are â€˜Shockedâ€™ By His Romance With Taylor Swift	Travis Kelce's friends are 'shocked' by his 'whirlwind' romance with Taylor Swift.	2023-11-27T23:55:41Z
Extreme heat led to a Taylor Swift fanâ€™s death in Brazil. Could it have been prevented?	"In an era of rising heat waves, experts weigh in on how to plan for concerts and other large events safely"	2023-11-27T22:39:19Z
Taylor Swift declined King Charles III's coronation invite: book	"Taylor Swift allegedly turned down an invitation to perform at King Charles' coronation concert in May 2023, according to ""Endgame"" author Omid Scobie."	2023-11-27T22:01:42Z
"Taylor Swiftâ€™s Final 2023 Eras Show, BeyoncÃ©â€™s Renaissanceâ€™ Premiere"	We've got a new No.	2023-11-27T22:00:49Z
Where to Watch The Eras Tour Concert Film in Australia	Taylor Swift has announced that her Eras Tour concert film will be available to stream online from December 13. Here's where to watch The Eras Tour in Australia.	2023-11-27T21:31:44Z
Taylor Swift Subtly Supports Travis Kelceâ€™s Record-Breaking Milestone	"After Travis Kelce made history in the NFL, Taylor Swift cheered on the Kansas City Chiefs player from her tour in South America."	2023-11-27T19:28:18Z
"Taylor Swift, Travis Kelce heat up relationship with Kansas city getaway"	Taylor Swift and travis Kelce seem to have confirmed their romance in October 2023	2023-11-27T19:00:00Z
Taylor Swift lands in Kansas City to celebrate Christmas-birthday with Travis Kelce	Travis Kelceâ€™s girlfriend Taylor Swift chooses to celebrate her birthday and Christmas with NFL star	2023-11-27T19:00:00Z
"The Taylor Swift movie is coming to streaming in time for Christmas, and there's a bonus present for fans too"	"Taylor Swift fans are gearing up to watch the Eras Tour movie non-stop over Christmas, as the pop singer announcing streaming release date"	2023-11-27T17:28:19Z
Taylor Swift will celebrate her birthday by sending her â€˜Eras Tourâ€™ to streaming	Are you ready for it?	2023-11-27T16:00:00Z
How To Watch Taylor Swift: The Eras Tour At Home	"Move over Hugh Jackman, there's a new 'Greatest Showman,' and her name is Taylor Swift. Here's how you can watch Taylor Swift: The Eras Tour at home."	2023-11-27T15:38:15Z
Soon You Can Watch Taylor Swift's Eras Tour Film at Home	"Starting next month, you'll be able to see Swift in concert from the comfort of your couch."	2023-11-27T15:10:12Z
"Finally, Taylor Swift's Eras Tour Film Has A Streaming Date"	And it's a very special birthday.	2023-11-27T14:59:38Z
Taylor Swift Celebrating Bday With Expanded Eras Tour Movie On-Demand	Taylor Swift will celebrate her 34th birthday next month by offering her record-breaking Eras Tour movie on-demand.	2023-11-27T13:51:39Z
Taylor Swift meets family of fan who died at Eras Tour show	Taylor Swift posed for a backstage photo with Ana Clara Benevides' family one week after the 23-year-old concertgoer died at an Eras Tour show.	2023-11-27T13:13:05Z
Taylor Swift Poses With Family of Fan Who Died at Rio De Janeiro Show	"Taylor Swift posed for a picture backstage on Sunday (Nov. 26) with the family of Ana Clara Benevides Machado, the 23-fan who died at her Rio show."	2023-11-27T13:05:37Z
"Taylor Swift's 'Eras' Film to Get Streaming Release, With Extra Songs"	"Taylor Swift's 'Eras Tour' movie will be released for home viewing next month, with three songs that were left out of the theatrical version."	2023-11-27T10:45:18Z
Should I wash my body with soap? Wellness guru Laura Henshaw & Taylor Swift say nope	"An Aussie health and wellness guru has sparked debate after confessing she doesnâ€™t wash her body with soap, a decision surprisingly backed by science."	2023-11-27T09:41:29Z
All of Taylor Swift's Eras Tour Surprise Songs So Far	"Every surprise song Taylor Swift has played on her Eras Tour, updated after each show."	2023-11-27T06:20:00Z
Taylor Swift 'accidentally announces Reputation Tour' before quickly correcting herself	The pop sensation Taylor Swift may have overshared during her performance tonight when she unintentionally revealed the Reputations Tour before swiftly correcting herself	2023-11-27T05:37:31Z
"MS Dhoni, Taylor Swift Come Together to Sing 'Channa Mereya'? AI-generated Song Goes Viral"	"AI version of 'Channa Mereya' features voices of MS Dhoni, Taylor Swift, Dua Lipa, B Praak and many more."	2023-11-27T05:03:36Z
Taylor Swiftâ€™s â€˜Eras Tourâ€™ Concert Film Passes $250 Million Globally	"The movie capitalized off Swiftâ€™s tour of the same name, which netted the music superstar millions of dollars for each of its stops."	2023-11-27T05:00:00Z
Family of Taylor Swift fan who died attends singer's third Eras Tour show in SÃ£o Paolo	"The family of Ana Clara Benevides, a young woman who died at Taylor Swift's Nov. 17 show in Rio de Janeiro, was spotted in attendance at the singer's final show in SÃ£o Paulo, Brazil."	2023-11-27T00:19:53Z
Taylor Swift teases 'big surprise' for Swifties before birthday	Taylor Swift left the internet into frenzy as the pop star made delightful announcement on social media	2023-11-26T19:00:00Z
Po Taylor Swift svojo koncertni film izdala tudi Beyonce	"Beyonce and Taylor Swift are now on their way to the Renaissance scene. Za razliko od Swiftove sicer njen jenjen film ne vsebuje zgolj posnetkov iz concerta,"	2023-11-26T16:26:45Z
When is Taylor Swift dropping Reputation (Taylor's Version)?	"Taylor Swift only just released 1989 (Taylor's Version), but fans are already onto the next: speculating when she'll release the Reputation (Taylor's Version)."	2023-11-26T13:00:00Z
Taylor Swift Appears Choked Up During Performance After Fan's Death	Taylor Swift put on an emotional display on Sunday night as she appeared to dedicate one of her songs to a late fan.	2023-11-26T09:44:23Z
Taylor Swift doesn't have a style identity despite Vogue intervention - but it's for an important reason to do with fans	SHE might be the biggest pop star in the world with an estimated worth of over Â£1billion - but catch her on the street and she looks just like any ol	2023-11-26T08:08:33Z
Billy Joel Opens Up About Taking Daughters to Taylor Swiftâ€™s Eras Tour	"Billy Joel says he scored ""very cool dad"" points after taking his two daughters to see Taylor Swift's Eras Tour in Tampa, Fla."	2023-11-25T20:54:28Z
Taylor Swift and Travis Kelce appear to be very much in love. Some are cynical	The internet is nothing if not a place for debate and conspiracy theories.	2023-11-25T16:04:50Z
"Entertainment News Roundup: Chinese court rejects Canadian pop star Kris Wu's appeal; BRIT Awards double nominees for gender-neutral categories, add R&B prize and more"	"Following is a summary of current entertainment news briefs. Organisers of Taylor Swift's Rio shows say they could have taken 'alternative actions' Organisers of the Brazilian leg of Taylor Swift's ""The Eras Tour"" acknowledged on Thursday they could have taken more measures to help fans cope with the extreme heat they faced last week in Rio de Janeiro."	2023-11-25T13:00:29Z
"Taylor Swift in Indian theatres: Swifties dancing is a problem, even as Salman Khan fans burst crackers"	"The concert movie became more than a cinematic experience; it was a journey of self-discovery, community building, and the unveiling of societal double standards"	2023-11-25T05:30:21Z
Reuters Entertainment News Summary	"Following is a summary of current entertainment news briefs. Organisers of Taylor Swift's Rio shows say they could have taken 'alternative actions' Organisers of the Brazilian leg of Taylor Swift's ""The Eras Tour"" acknowledged on Thursday they could have taken more measures to help fans cope with the extreme heat they faced last week in Rio de Janeiro."	2023-11-25T04:56:05Z
Entertainment News Roundup: Actor Jamie Foxx accused of sexual abuse in New York lawsuit; Rio police investigate Taylor Swift concert organizers after fan's death and more	"Following is a summary of current entertainment news briefs. Organisers of Taylor Swift's Rio shows say they could have taken 'alternative actions' Organisers of the Brazilian leg of Taylor Swift's ""The Eras Tour"" acknowledged on Thursday they could have taken more measures to help fans cope with the extreme heat they faced last week in Rio de Janeiro."	2023-11-25T04:56:05Z
This Philadelphia Radio Station Banned Taylor Swiftâ€™s Music Ahead of Eagles vs. Chiefs Game	"""Q102 is punting Taylor Swift from the radio station for the entire weekend because while Q102 loves Taylor Swift, we can't get enough of her."""	2023-11-25T03:15:01Z
Taylor Swift's iPhone case will never go out of style - and it's 20% off for Black Friday	"Taylor Swift's iPhone case is on sale for Black Friday, and it's the perfect gift for the Swiftie in your life."	2023-11-24T23:36:00Z
Fan Sells Taylor Swift's Broken Heel to Raise Money	A fan is selling Taylor Swift's broken Christian Louboutin heel that he caught during her The Eras Tour to fund his cousin's cancer treatment.	2023-11-24T22:03:36Z
Rio police investigate Taylor Swift concert organizers after fan's death	"Rio de Janeiro's police said on Friday they have opened an investigation into the organizers of the Brazilian leg of Taylor Swift's ""The Eras Tour"" for the death of a 23-year-old fan who fell ill at the show last week."	2023-11-24T20:05:43Z
15 Taylor Swift-approved Black Friday deals to shop in 2023	"While Black Friday sadly isn't delivering deals on Eras Tour tickets (if only!), Taylor Swift fans can save big on the superstar's fashion and beauty favorites for the next few days."	2023-11-24T19:54:36Z
Taylor Swift's handling of fan tragedies earns her praise	Taylor Swift's body is still sobbing in the pain of two Swifties who lost their lives	2023-11-24T19:00:00Z
Rio de Janeiro police investigate Taylor Swift concert organizers after fanâ€™s death	T4F said the company and its representatives were cooperating with Brazilian authorities and available for any clarifications	2023-11-24T18:40:28Z
"Boots, jackets, more deals"	"Shop the best Free People Black Friday deals of 2023, including styles inspired by Taylor Swift. Deals include boots, bomber jackets, wedges and sweaters."	2023-11-24T16:25:42Z
How Travis Kelce spent Thanksgiving without Taylor Swift	"Travis Kelce was spotted driving by himself on Thanksgiving while his girlfriend, Taylor Swift, remained in Brazil on her Eras Tour."	2023-11-24T16:20:45Z
Ticket prices to see Taylor Swift in Brazil are dropping	"We found that last-minute, day-of tickets to Taylor Swift's 'Eras Tour' at Sao Paulo, Brazil's Allianz Parque with special guest Sabrina Carpenter on Nov. 24-26 are dropping. Get them now."	2023-11-24T15:36:52Z
Is Taylor Swift in Deadpool 3? Ryan Reynolds has his say	Deadpool 3 star Ryan Reynolds shares cryptic reaction to Taylor Swift cameo rumors	2023-11-24T15:33:34Z
Jason Kelceâ€™s Wife Kylie Addresses Taylor Swift Feud Rumors in Video	"Jason Kelceâ€™s wife, Kylie Kelce, clarified a comment she made, which fueled rumors that she was feuding with Taylor Swift. â€˜Youâ€™re reaching,â€™ she said."	2023-11-24T15:01:30Z
Simone Biles celebrates husband Jonathan Owensâ€™ first NFL touchdown in Green Bay Packers win	"Take a back seat, Taylor Swift and Travis Kelce. Thereâ€™s another power couple in the NFL."	2023-11-24T12:24:20Z
â€˜Criticism doesnâ€™t keep me up at nightâ€™: superproducer Jack Antonoff on his haters - and Taylor Swiftâ€™s greatness	"From Lana Del Rey to the 1975, he has defined todayâ€™s pop â€“ and some say homogenised it. As his band Bleachers return, he discusses grief, graft and why sincerity matters more than ever"	2023-11-24T05:00:11Z
Organisers of Taylor Swift's Rio shows say they could have taken 'alternative actions'	"Organisers of the Brazilian leg of Taylor Swift's ""The Eras Tour"" acknowledged on Thursday they could have taken more measures to help fans cope with the extreme heat they faced last week in Rio de Janeiro."	2023-11-24T00:59:14Z
Taylor Swift has no â€˜Starbucks loversâ€™	"If scientists can figure out itching, surely they can tell us why we hear â€œKicking the Dancing Queenâ€ and â€œIâ€™m farting carrots.â€"	2023-11-23T22:34:00Z
Shock update after death of Taylor Swift fan at concert	"Ana Clara Benevides Machado, 23, died after complaining of feeling unwell while watching the star."	2023-11-23T21:23:30Z
Is Taylor Swift responsible for safety at her concert?	"Culture journalists Nicole Froio and Niko Stratis unpack how fans are feeling about their safety at shows, and how unprepared we are to meet the far-reaching impacts of climate change."	2023-11-23T20:53:23Z
"Travis Kelce's Thanksgiving plans with KFC, not Taylor Swift"	(CNN) â€” Spending Thanksgiving dinner together doesnâ€™t appear to be in the cards for it-couple Travis Kelce and Taylor Swift this year.	2023-11-23T17:21:31Z
Organizers of Taylor Swiftâ€™s Rio shows say they could have taken â€˜alternative actionsâ€™ after fan dies amid extreme heat	The conditions led the federal government to order T4F to ensure water access at all of Swiftâ€™s concerts in Brazil and allow water bottles to be brought into all concerts	2023-11-23T14:30:53Z
Roger Goodell thinks 'it's great' Taylor Swift brings 'attention' to NFL with Travis Kelce romance	NFL commissioner Roger Goodell is thrilled that more people are tuning in to the league's games because of Taylor Swift and Travis Kelce's budding romance.	2023-11-23T14:09:43Z
"Travis Kelce's mom, Donna, shares family's Thanksgiving plans"	"Travis Kelce's mom, Donna Kelce, gave a glimpse into her family's 2023 Thanksgiving plans as Taylor Swift remains in Brazil for the hoiday."	2023-11-23T13:12:00Z
Brazilian officials investigating company behind Taylor Swift shows in Rio de Janeiro after fan's death	Police in Rio de Janeiro said an investigation has been launched into Time4Fun â€” the Brazilian company that organized Taylor Swiftâ€™s shows in the city â€” days after a fan died at the â€œEras Tourâ€ during an extreme heat wave.	2023-11-23T13:01:45Z
Travis Kelce says heâ€™ll spend Thanksgiving eating KFC without Taylor Swift	Spending Thanksgiving dinner together doesnâ€™t appear to be in the cards for it-couple Travis Kelce and Taylor Swift this year.	2023-11-23T13:00:30Z
Taylor Swift Eras Tour Australia: How To Get Tickets	Taylor Swift has officially announced international dates for The Eras Tour - including Australian cities Sydney and Melbourne.	2023-11-23T13:00:00Z
Taylor Swift and Travis Kelce: NFL Commissioner Roger Goodell â€˜welcomesâ€™ attention surrounding pop star and tight end	The most famous relationship in the world right now has the stamp of approval from the National Football Leagueâ€™s (NFL) commissioner.	2023-11-23T11:13:43Z
Must the show go on? Music industryâ€™s reckoning with the climate crisis	A fanâ€™s death at a Taylor Swift concert in Brazil throws into stark relief the dangers of live shows as the planet cooks	2023-11-23T10:00:03Z
Taylor Swift resale tickets: Ticketek Marketplace to open for Australian The Eras tour	Hereâ€™s everything fans need to know.	2023-11-23T06:18:00Z
Travis Kelce Opens up About Retirement Plans Amid Romance With Taylor Swift	Travis Kelce admitted he thinks about retirement constantly. The Kansas City Chiefs tight end said chronic pain from football injuries weighs on him.	2023-11-23T06:01:20Z
Travis Kelce Reveals If He's Having Thanksgiving With Taylor Swift	NFL star Travis Kelce shared whether he plans to spend Thanksgiving with Taylor Swift amid their burning red romance.	2023-11-23T04:38:00Z
Jason Kelceâ€™s Wife Kylie Sets Record Straight on Taylor Swift Comment	Jason Kelceâ€™s wife Kylie has a message in a bottle for critics who are reading too much into her recent comments about the attention Taylor Swift and Travis Kelce's romance has brought on her family.	2023-11-23T02:34:00Z
"Soccer clashes, Taylor Swift fan death tarnish Rio de Janeiro ahead of G20"	Police swinging batons at panicking soccer fans. Children weeping in their mothers' arms between the stadium's stands. A man clutching his head as blood streamed down his face.	2023-11-23T01:09:58Z
We Should All Give Thanks for Taylor Swift	"She brings joy, jobs and happy feet everywhere she goes. Sheâ€™s the best thing happening in America."	2023-11-22T23:54:00Z
Ariana Madix praises her own 'incredible' girl squad during 'DWTS' Taylor Swift Night	Ariana Madix praised her gal pals and â€œVanderpump Rulesâ€ co-stars for being â€œincredibleâ€ while talking to Page Six after Tuesdayâ€™s Taylor Swift-themed episode of â€œDancing With the Stars.â€	2023-11-22T23:13:39Z
9 market themes to discuss around the Thanksgiving table	"Inflation, artificial intelligence, and Taylor Swift all may be fodder for Turkey Day table talk â€” during a feast costing 4.5% less than last yearâ€™s holiday meal."	2023-11-22T22:26:19Z
"Taylor Swift's choreographer spills the tea on singer's fave Eras Tour routine, 'great guy' Travis Kelce"	"Taylor Swiftâ€™s Eras Tour choreographer Mandy Moore spoke to Page Six during â€œTaylor Swift Nightâ€ on â€œDancing With the Stars,â€ revealing the singerâ€™s favorite tour routine and thoughts on Travis Kelce."	2023-11-22T21:10:04Z
Entertainment News Roundup: Taylor Swift fans gather for cooler Rio show after fanâ€™s death; Music rights giant BMI to be bought by New Mountain-led group and more	"Following is a summary of current entertainment news briefs. Taylor Swift fans gather for cooler Rio show after fanâ€™s death Taylor Swift fans headed to her eagerly expected show in Rio de Janeiro on Sunday, following a last-minute postponement of Saturdayâ€™s performance due to record breaking heat after a fan died in the sweltering conditions a day earlier."	2023-11-22T20:57:07Z
Jason Sudeikis Weighs In On Taylor Swift & Travis Kelceâ€™s Relationship	Ted Lassoâ€™s Jason Sudeikis shared his feelings on Taylor Swiftâ€™s relationship with Chiefâ€™s player Travis Kelce.	2023-11-22T20:33:56Z
Travis Kelce Will Not Be Spending Thanksgiving With Taylor Swift	"It's the holiday season, and the Kelce brothers gave fans a look into their Thanksgiving plans on a new episode of their New Heights podcast."	2023-11-22T19:02:24Z
"Taylor Swift, Travis Kelce planning â€˜romantic getawayâ€™ together"	"Taylor Swift and Travis Kelce 'connection is off the charts, and they canâ€™t wait to celebrate together'"	2023-11-22T19:00:00Z
Taylor Swift feels overwhelmed by Travis Kelce by her side	Taylor Swift Eras Tour in Brazil faced an unwanted incident of fans death due to heat	2023-11-22T19:00:00Z
Taylor Swift's Eras Tour choreographer deeply 'moved' by singer's affection	Taylor Swift's sweet gestures are overwhelming for her fans and crew members equally	2023-11-22T19:00:00Z
Taylor Swiftâ€™s 50 Biggest Hot 100 Hits	"Taylor Swift's biggest hits on the Hot 100, from ""You Belong With Me"" to ""Cardigan"" and beyond."	2023-11-22T18:57:33Z
Fans think Travis Kelce hinted he's in love with Taylor Swift	"Taylor Swift fans are convinced Travis Kelce admitted his ""love"" for the Grammy winner on the latest episode of his ""New Heights"" podcast."	2023-11-22T18:45:34Z
Taylor Swift & Travis Kelce Romance: NFL Commissioner Shares Thoughts	Taylor Swift and Travis Kelce's romance was addressed by the NFL commissioner. See his thoughts here.	2023-11-22T18:12:50Z
"Nikki, Brie Garcia confident Travis Kelce throws Taylor Swift 'around in the bedroom'"	"Nikki and Brie Garcia said they're confident Travis Kelce throws Taylor Swift ""around in the bedroom."""	2023-11-22T17:39:14Z
Tour 'chaos' keeping Taylor Swift from Travis Kelce on Thanksgiving: report	"The death of a 23-year-old fan at her concert in Rio de Janeiro, and the fact that she needs to be back in Brazil Friday left Swift uncertain of her holiday plans, a report says."	2023-11-22T17:37:23Z
Travis Kelceâ€™s â€˜Hallariousâ€™ Old Tweets Were His â€˜Diaryâ€™	Travis Kelce has described his endearing old tweets as his â€˜diary.â€™ So we sorted his posts from the vault as Taylor Swift diaries (a.k.a. her albums and eras).	2023-11-22T17:32:17Z
NFL Commissioner Roger Goodell Says Taylor Swift Is â€œGreat For The Leagueâ€	"Taylor Swift is good for the NFL. And that comes from someone who should know. NFL Commissioner Roger Goodell appeared on CBS Mornings today to talk about all things football heading into the Thanksgiving weekend, and the subject inevitably turned to Swift and her high-profile (if sti..."	2023-11-22T17:29:08Z
Travis Kelce reveals Thanksgiving plans as Taylor Swift remains in Brazil for holiday	Travis Kelce has revealed what heâ€™s doing for Thanksgiving now that girlfriend Taylor Swift is staying in Brazil to relax before her next Eras Tour show.	2023-11-22T17:28:37Z
"Harry Jowsey, Rylee Arnold reflect on â€˜Dancing With the Starsâ€™ bond and â€˜bittersweetâ€™ elimination"	â€œDancing With the Starsâ€ duo Harry Jowsey and Rylee Arnold reacted to their elimination during Taylor Swift Night and the special connection they formed in rehearsals while speaking to Page Six.	2023-11-22T16:49:16Z
"Julianne Hough Repped Taylor Swift Wearing One Of Her Most Iconic Outfits, And DWTS Fans Have Thoughts"	"Julianne Hough honored Taylor Swift on Dancing With the Stars by wearing one of her iconic outfits, and fans have thoughts."	2023-11-22T16:19:27Z
Travis Kelce revolt over Taylor Swift romance could be coming: Stugotz	"Jon ""Stugotz"" Weiner speculated Tuesday that Chiefs fans could potentially turn on Travis Kelce should Kansas City's 7-3 season spiral."	2023-11-22T16:13:05Z
Taylor Swiftâ€™s Reported Thanksgiving Plans Revealed Amid Romance	Taylor Swift's reported Thanksgiving plans are being revealed amid her romance with Travis Kelce. Read more about where she'll be headed!	2023-11-22T16:10:52Z
Travis and Jason Kelce Thank Taylor Swift & Fans For This Reason	"Travis and Jason Kelce gave a shoutout to Taylor Swift and the Swifties after their new holiday song â€œFairytale of Philadelphia"" topped the charts during its first week."	2023-11-22T15:59:58Z
"NFL Commissioner Roger Goodell opens up about league's growing popularity, Taylor Swift's impact"	"NFL Commissioner Roger Goodell spoke exclusively with ""CBS Mornings"" ahead of a busy NFL holiday lineup."	2023-11-22T15:34:30Z
Jimmy Kimmel on Marjorie Taylor Greeneâ€™s new book: â€˜First book sheâ€™s ever written or readâ€™	"Late-night hosts discuss Greeneâ€™s new book, Bidenâ€™s mix-up of Taylor Swift and Britney Spears, and more GOP conspiracies about January 6."	2023-11-22T15:34:21Z
Taylor Swift fan Ana Clara Benevides's mom emotional over fundraiser to bring back daughter's body	"Ana Clara Benevides, 23, died after becoming ill at Swift's Friday concert in Rio."	2023-11-22T13:51:17Z
Taylor Swift makes surprise video appearance for 'DWTS' Eras-themed night	"Taylor Swift surprised ""Dancing With the Stars"" viewers with a video message to celebrate the ABC show's Eras-themed night on Tuesday."	2023-11-22T12:10:41Z
Save 25% off sitewide	"The Reformation Black Friday sale has arrived, offering 25% off sitewide. Shop our favorite deals, including styles spotted on celebrities like Taylor Swift and Selena Gomez."	2023-11-22T12:00:00Z
Joe Biden mistakenly refers to Britney Spears instead of Taylor Swift at Thanksgiving event	The US president compares the challenge of attending the turkey pardoning event to securing tickets for a high-profile concert.	2023-11-22T11:22:12Z
DWTS' Tribute to Taylor Swift Deserves a Mirrorball Trophy	"It was Taylor Swift night on Dancing With the Stars, with contestants Ariana Madix, Jason Mraz, Alyson Hannigan, Harry Jowsey, Charity Lawson and Xochitl Gomez shaking it off in the ballroom."	2023-11-22T09:00:00Z
"During the Thanksgiving Turkey Pardon, Biden Mixes up Taylor Swift With Britney Spears"	"On his birthday, when granting amnesty to a pair of birds at the White House, the president confused two prominent singers of the industry."	2023-11-22T04:23:55Z
Harry Jowsey Eliminated on â€˜DWTSâ€™: Taylor Swift Night Recap	Harry Jowsey was eliminated during Taylor Swift Night on 'DWTS.'	2023-11-22T03:01:55Z
Drake & Taylor Swift Billboard Music Awards Tie: Pop Shop Podcast	"On the new Billboard Pop Shop Podcast, Katie & Keith are reviewing this year's Billboard Music Awards and 2023 year-end chart-toppers."	2023-11-22T02:43:37Z
Dad of Taylor Swift fan who died at concert says 'someone will be punished' over daughter's death	The father of Ana Clara Benevides wants someone to be â€˜punishedâ€™ if it is proven that â€˜negligenceâ€™ played a part in her death at Taylor Swift's concert amid allegations she was forbidden from taking water into the venue.	2023-11-22T02:07:06Z
Harry Jowsey Eliminated	The 'Dancing With the Stars' semi-finalists were revealed after Taylor Swift night.	2023-11-22T00:02:03Z
