NewAPI		
Title	Description	Published At
Taylor Swift appears out of breath at Rio concert	Video showed the singer gasping for air in between songs during her performance in the stifling heat.	2023-11-19T17:32:26Z
Taylor Swift and Barbie take over this Halloween	"From Utah to Massachusetts, pop culture references have turned this yearâ€™s spooky season pink."	2023-10-31T18:18:04Z
Taylor Swift Named Apple Music's Artist of the Year	"Apple today announced that Taylor Swift has been named Apple Music's Artist of the Year for 2023 after reaching ""a new realm of superstardom this year.""      Swift released a new album last month called 1989 (Taylor's Version), and she has been on tour this yâ€¦"	2023-11-08T16:15:03Z
There's one thing Taylor Swift isn't talking about	Taylor Swift is a billionaire after her Eras Tour and movie boosted her 2023 net worth. The pop star's brand benefits from her downplaying her wealth.	2023-11-01T09:24:01Z
"A Taylor Swift song is the best investment advice for 2024, Goldman Sachs says"	This isn't the first time Taylor Swift has occupied the head space of Wall Street forecasters and economists this year.	2023-11-15T15:39:00Z
"A Taylor Swift Airbnb is a bachelorette dream home where megafans can bask in her ""Eras"" for up to $1,400 a night"	"You can rent this Taylor Swift Airbnb in Scottsdale, Arizona. Each room is devoted to a different era, from ""Reputation"" to ""Lover"" to ""Folklore."""	2023-11-01T15:29:50Z
Taylor Swift accused of witchcraft by MAGA pastor Hank Kunneman	"Hank Kunneman is employed as a MAGA pastor. It's not bad work if you can stomach spouting uncreative and discredited conspiracy theories to dimwitted, credulous, and perpetually enraged Trump worshippers. If you know who Kunneman is, you probably remember himâ€¦"	2023-11-06T23:30:56Z
"A movie theater staffer describes what it was like to work Taylor Swift's Eras Tour film premiere, which was so loud it blew out 2 amps"	Taylor Swift's Eras Tour film was so loud it blew the sound system in one theater.	2023-10-21T11:59:01Z
"Gen Z's financial icons revealed: Taylor Swift beats Warren Buffett, and Bill Gates tops the list"	"Bill Gates, BeyoncÃ©, and Oprah Winfrey made the list of people who embody financial success for Gen Z, according to a new survey of college students."	2023-11-04T08:56:01Z
"Dolly Parton, Taylor Swift, and more celebrities with species named after them"	"Some scientists love naming new species after celebrities. From David Bowie's spider to Dolly Parton's lichen, here are famously named species."	2023-11-12T12:47:02Z
The Meaning Behind Taylor Swiftâ€™s 1989 Vault Track â€˜Slut!â€™	"Taylor Swift boldly reclaims a word that's been hurled at her in 1989 (Taylor's Version), with ""Slut!"""	2023-10-27T17:13:51Z
The Biggest Snubs and Surprises of the 2024 Grammy Nominations	"SZA, Taylor Swift, Victoria MonÃ©t, and Phoebe Bridgers are among the most nominated artists at the 2024 Grammy Awards."	2023-11-10T17:32:53Z
Taylor Swift Postpones Rio Concert Amid Safety Concerns Following Fanâ€™s Death	"Taylor Swift took to social media on Saturday evening to announce that she was postponing her concert, amid concerns over safety."	2023-11-19T13:07:57Z
A Ranking of Taylor Swiftâ€™s â€˜From the Vaultâ€™ Songs	"With each re-recorded album, Taylor Swift has also released songs that almost made the cut. Here are our favorite 'From the Vault' tracks."	2023-10-25T15:30:13Z
Why do people think Taylor Swift secretly wrote Henry Cavillâ€™s new spy movie?	Argylle stars Henry Cavill and Dua Lipa and is based on a book by author Elly Conway â€” who Taylor Swift fans are convinced is the pop superstar herself.	2023-10-24T14:00:00Z
Taylor Swift Sets Grammy Awards Record With â€˜Anti-Heroâ€™ Nomination	The â€œMidnightsâ€ singer received six nominations in all.	2023-11-10T22:14:39Z
Taylor Swiftâ€™s â€˜All You Had To Do Was Stayâ€™ Is Criminally Underrated	"It's time to reassess the track from Taylor Swift's 1989, which is set to be rereleased on Oct. 27."	2023-10-26T14:43:39Z
Innovative Ways to Demand an N.B.A. Trade	"If you want attention for your cause, just ask Taylor Swift for help. The Swifties will rally behind whatever she posts."	2023-10-23T16:06:21Z
CBS Shows Just How Much Taylor Swift Affects Travis Kelceâ€™s Game	"The Chiefs tight end averages 99 receiving yards a game when the singer is in attendance, versus 46.5 yards when sheâ€™s a no-show."	2023-10-23T17:52:34Z
"16 Hilarious Fails From The Internet This Week That Will Make You Laugh So Hard You'll Be Texting This Article To Your Friends Saying ""You Have To Look At This"""	I had to include the Taylor Swift pumpkin because I have been thinking about it every day.View Entire Post â€º	2023-10-30T20:25:23Z
Taylor Swift named the Apple Music Artist of the Year: â€˜2023 (Taylorâ€™s Version)â€™	"Apple has named Taylor Swift the Apple Music Artist of the Year for 2023. â€œAcross the charts, streams, and concert stadiums filled with screaming, bracelet-wearing super fans, Swift undeniably reached a new realm of superstardom this year,â€ Apple explains.   â€¦"	2023-11-08T16:14:01Z
Taylor Swift gets 'heavenly' welcome from Christ the Redeemer	The famous statue in Rio de Janeiro is illuminated as the global pop sensation arrives on her Eras tour.	2023-11-17T17:03:39Z
Elon Musk appears to have given up on trying to camouflage his private-jet travels with an FAA program used by Jeff Bezos and Taylor Swift	"Elon Musk had signed up for the FAA's PIA program that allows private jet owners to fly incognito, but he appears to have stopped using it for now."	2023-10-28T09:07:01Z
"Tras arrasar con su gira, su pelÃ­cula y ser la reina del streaming, Taylor Swift consigue un nuevo hito: ser milmillonaria"	"Taylor Swift ha conseguido postrar a sus pies a toda una legiÃ³n de fans en todo el mundo, pero lo mÃ¡s importante, es que tambiÃ©n lo ha hecho con la industria de la mÃºsica. <!-- BREAK 1 --> Tras arrasar con la gira, triunfar en las salas con unâ€¦ Â¿cineconciertoâ€¦"	2023-11-06T19:31:29Z
Nuevo choque entre Taylor Swift y las discogrÃ¡ficas: los contratos cambian para evitar que otros artistas sigan sus pasos	"Cuando Taylor Swift anunciÃ³ en 2021 que iba a regrabar todos los discos que editÃ³ con Big Machine Records, su decisiÃ³n fue recibida con cierto excepticismo, ya que la artista estaba en medio de una cruenta guerra por la recuperaciÃ³n de sus masters y se entendâ€¦"	2023-10-31T13:01:55Z
WATCH: Taylor Swift and Travis Kelce share a kiss after her Buenos Aires concert	Video shows the singer and Chiefsâ€™ tight end embracing each other after her show.	2023-11-12T21:41:20Z
Taylor Swift earnings visualized with bracelet beads	Bloomberg estimates that Taylor Swift reached billionaire status with her recent touring and music releases. Swift achieved the milestone mostly with music. Bloomberg provides the visual splits witâ€¦	2023-10-30T09:43:48Z
Taylor Swift postpones Rio de Janeiro concert after death of fan	The US pop star says she is putting safety first after temperatures in the Brazilian city reached 39.1C.	2023-11-18T22:22:23Z
"Taylor Swift defeats Taylor Swift, also everybody else, with sales for 1989 (Taylor's Version)"	"Taylor Swift has now officially beaten pretty much the only person on the planet giving her a real fight for pop music dominance at the moment: Herself. This is per Deadline, reporting on the first serious sales numbers for Swiftâ€™s latest release, the (Taylorâ€¦"	2023-11-05T22:41:00Z
This Spotify hack transformed my music â€” thanks to Taylor Swift	"In the world of music streaming, every note and nuance counts. And thanks to Taylor Swift, indirectly, I've found a hidden setting that you need to turn OFF to have the best experience with your music on Spotify."	2023-10-27T16:15:04Z
"Boygenius, Olivia Rodrigo, and Miley Cyrus Nominated for Record of the Year at 2024 Grammys"	"SZA, Taylor Swift, Billie Eilish, Victoria MonÃ©t, and Jon Batiste are also up for the award"	2023-11-10T16:15:49Z
Apple Music celebrates Taylor Swift as the Artist of the Year for 2023	"Taylor Swift has been named Apple Music's 2023 Artist of the Year, setting record-breaking milestones and receiving the prestigious Apple Music Award.Throughout the year, Swift achieved remarkable feats such as chart-topping songs, massive streaming numbers, â€¦"	2023-11-08T16:30:29Z
"14 Celebs Who Have Literally Offered Their Homes, Money, And Other Resources To Other Celebs"	"When Taylor Swift first bought her NYC penthouse in 2014, her then-close friend Karlie Kloss stayed over often enough that she essentially had her own room. It had a basket of Karlie's favorite Whole Foods snacks and pictures of her on the wall.View Entire Poâ€¦"	2023-10-26T16:16:02Z
Report: Taylor Swiftâ€™s Parents Dating Travis Kelceâ€™s Parents	"NASHVILLE, TNâ€”In the latest relationship development that fans of the power couple called â€œadorable,â€ sources confirmed Thursday that Taylor Swift and Travis Kelceâ€™s parents were dating. â€œAndrea, Scott, Donna, and Ed are all absolutely smitten with each otherâ€¦"	2023-11-16T19:00:00Z
"Billie Eilish, Dua Lipa, and SZA Nominated for Song of the Year at 2024 Grammys"	"Taylor Swift, Olivia Rodrigo, Lana Del Rey, Jon Batiste, and Miley Cyrus round out the nominees this year"	2023-11-10T16:09:55Z
Taylor Swift has Illuminati money now	"Taylor Swift is officially a billionaire now, and her Eras Tour has added an estimated $4.3 billion to the U.S. gross domestic product this year"	2023-10-27T23:33:00Z
Can â€˜Taylor Swift: The Eras Tourâ€™ Turn a Non-Swiftie? We Put It to the Test	A Rolling Stone editor and self-admitted non Taylor Swift fan reviews the â€˜Taylor Swift: The Eras Tour.'	2023-10-23T16:00:00Z
8 Famous Songs Where the Singer Is Clearly Lying to Us	"We see through you, Taylor Swift. All the clues are there"	2023-11-18T13:00:00Z
Musik: Popstar Taylor Swift stellt weiteren Spotify-Rekord auf	Hier finden Sie Informationen zu dem Thema â€žMusikâ€œ. Lesen Sie jetzt â€žPopstar Taylor Swift stellt weiteren Spotify-Rekord aufâ€œ.	2023-10-29T00:03:17Z
Musik: Taylor Swift bricht mit neuem Album eigenen Rekord	Hier finden Sie Informationen zu dem Thema â€žMusikâ€œ. Lesen Sie jetzt â€žTaylor Swift bricht mit neuem Album eigenen Rekordâ€œ.	2023-11-06T07:16:52Z
"Jack Antonoff Chats, Bleachers Perform â€œModern Girlâ€ on Fallon: Watch"	"As well as giving the single its TV debut, Antonoff discussed working with Taylor Swift and made an impromptu song with Jimmy Fallon"	2023-11-02T13:15:22Z
Amerikanischer Verlag stellt Taylor-Swift-Reporter ein	"Er soll Ã¼ber genau ein Thema berichten: Taylor Swift. In einer viel beachteten Anzeige hatte ein US-Verlag vor einigen Wochen einen Reporter gesucht, der sich ausschlieÃŸlich der SÃ¤ngerin widmet â€“ nun ist der Job vergeben."	2023-11-08T16:25:00Z
Taylor Swift swerves expectations again with new 1989 track â€œSlut!â€	The prologue to 1989 (Taylorâ€™s Version) explains exactly the kind of scrutiny that the original 1989 album was made under. â€œI had become the target of slut shamingâ€”the intensity and relentlessness of which would be criticized and called out if it happened todâ€¦	2023-10-27T15:34:00Z
Drake shouts out Taylor Swift on surprise release	"Well, it looks like Drakeâ€™s tummy isnâ€™t hurting so much anymore. Just weeks after announcing heâ€™d be taking an extended break from music to deal with some health complicationsâ€”specifically the fact that heâ€™d been having â€œthe craziest problems for years with [â€¦"	2023-11-17T15:44:09Z
"Revisiting the hits, misses, and moments from Taylor Swift's original 1989"	"Looking at it now, it all seems so simple: the year was 2014, and Taylor Swift turned the world upside down by releasing a pure pop album called 1989. Already a superstar, 1989 sent Swift into the stratosphere. The singles were inescapable, the tour was a triâ€¦"	2023-10-24T15:00:00Z
Stop asking Shawn Levy if Taylor Swift is in Deadpool	"The double-edged sword of operating in Taylor Swiftâ€™s orbit is that it can shoot you to a new stratosphere of fame, but forever after her presence in your life will be completely inescapable. Just ask director Shawn Levy, who happened to go to a Jets/Chiefs gâ€¦"	2023-10-26T19:23:04Z
NFL-Spiel in Frankfurt: Show und Glanz: Taylor Swift als Symbol fÃ¼r NFL-Raumschiff	Hier finden Sie Informationen zu dem Thema â€žNFL-Spiel in Frankfurtâ€œ. Lesen Sie jetzt â€žShow und Glanz: Taylor Swift als Symbol fÃ¼r NFL-Raumschiffâ€œ.	2023-11-03T09:47:05Z
Nach Fan-Tod: Taylor Swift verschiebt Konzert in Rio wegen Hitze	Hier finden Sie Informationen zu dem Thema â€žNach Fan-Todâ€œ. Lesen Sie jetzt â€žTaylor Swift verschiebt Konzert in Rio wegen Hitzeâ€œ.	2023-11-19T10:11:33Z
Time After Time: The Surprising Connection Between Taylor Swiftâ€™s â€œ22â€ and Hansonâ€™s â€œMMMBopâ€	Itâ€™s possible to sing the chorus to Hansonâ€™s 1997 smash â€œMMMBopâ€ over the chords to Taylor Swiftâ€™s 2012 hit â€œ22.â€	2023-11-15T22:00:01Z
Kendrick Lamar and Taylor Swift Re-Record â€œBad Bloodâ€ for 1989 (Taylorâ€™s Version): Listen	"â€œWatching [Kendrick Lamar] create and record his verses on the Bad Blood remix was one of the most inspiring experiences of my life,â€ Swift gushed"	2023-10-27T15:44:18Z
"9 New Albums You Should Listen to Now: Taylor Swift, Sofia Kourtesis, and More"	"Stream new releases from Taylor Swift, Sofia Kourtesis, the Mountain Goats, Ragana, Shabazz Palaces, Murda Beatz & Shordie Shordie, Ryan Davis & the Roadhouse Band, MarÃ­a JosÃ© Llergo, and New Age Doom & Tuvaband"	2023-10-27T12:38:32Z
Sportpresseball: Kommt Taylor Swift auch noch in die Alte Oper?	In den vergangenen Tagen gab es fast nur eine Frage in Frankfurt: Kommt Taylor Swift zum NFL-Spiel am Sonntag zwischen den Kansas City Chiefs und den Miami Dolphins? Nun soll sie wirklich in der Stadt sein â€“ behauptet zumindest eine Influencerin.	2023-11-04T20:27:46Z
Sportpresseball: Kommt Taylor Swift auch noch in die Alte Oper?	In den vergangenen Tagen gab es fast nur eine Frage in Frankfurt: Kommt Taylor Swift zum NFL-Spiel zwischen den Kansas City Chiefs und den Miami Dolphins? Nun soll sie wirklich in der Stadt sein â€“ behauptet zumindest eine Influencerin.	2023-11-04T20:27:46Z
Taylor Swift Just Made Box Office History With The Eras Tour	Taylor Swift: The Eras Tour just became the first concert film in history to top the charts for two consecutive weekends.	2023-10-24T19:00:51Z
"Taylor Swift and Brittany Mahomes Exchange Numbers, Friendship Not for Show"	The budding friendship between Taylor Swift and Brittany Mahomes isn't just for cameras on Sundays ... they've exchanged phone numbers and they're giving BFF vibes!!! Sources close to Taylor and Brittany tell TMZ ... they swapped digits the firstâ€¦	2023-10-29T08:00:30Z
Taylor Swift Saved Public Transport And Now She's Fixing Airlines Too	Airlines will usually stop at nothing to squeeze every penny from you when you book to fly with them. But thereâ€™s one person who can force their hand and encourage them to scrap change fees for passengers: Ms. Taylor Alison Swift.Read more...	2023-11-13T19:50:00Z
Get Your Parkas Ready For December 2024 â€“ Canadian Swifties Haven't Been Able To Focus Since Taylor Swift JUST Announced Three New Concert Dates	Step 1) Register for Verified Fan Presale on Ticketmaster. Step 2) Look at flights to Vancouver.View Entire Post â€º	2023-11-02T21:44:37Z
Taylor Swift Tops â€˜Canceledâ€™ 2023 MTV EMA Awards	"Taylor Swift, Nicki Minaj, Jung Kook and Maneskin win big at â€˜canceledâ€™ 2023 MTV EMA Awards - see full winners list"	2023-11-06T09:32:12Z
Philadelphia Radio Station Won't Play Taylor Swift Songs Ahead of Eagles vs. Chiefs	"While pop superstar Taylor Swift is a native of Pennsylvania and grew up a Philadelphia Eagles fan, her allegiance to Kansas City Chiefs star tight end Travisâ€¦"	2023-11-16T20:29:46Z
"Report: Travis Kelce, Taylor Swift's Parents Expected to Meet at Eagles vs. Chiefs"	Travis Kelce and Taylor Swift appear to be taking the next step in their relationship. The parents of the Chiefs tight end and world-renownedâ€¦	2023-11-15T20:19:58Z
Taylor Swiftâ€™s â€œCruel Summerâ€ hits No.1 on Hot 100 because we don't have seasons anymore	"Taylor Swift, perhaps, in between securing the top spot at the American box office for the second week and weeping at the breadth of her domain for there are no more worlds left to conquer, has made another startling step towards world domination. Four years â€¦"	2023-10-24T03:39:50Z
Taylor Swift and Travis Kelce Make Out After Argentina Concert	"Don't cry for Taylor Swift in Argentina ... she had an amazing show Saturday night, after which she passionately made out with her man. We've seen Trace Kelce and Taylor hold hands, wrap their arms around each other, etc, but this is the first bigâ€¦"	2023-11-12T13:36:32Z
"Taylor Swift postpones Brazil concert after fan dies amidst ""extreme temperatures"""	"Taylor Swift has announced that sheâ€™s postponing a concert scheduled for tonight in Rio de Janeiro, after a fan died after attending her concert on Friday night in the city. Rio is currently experiencing record heat waves that have generated a heat index (i.eâ€¦"	2023-11-19T01:12:00Z
"Taylor Swift, Brent Faiyaz, Silvana Estrada, and More: This Weekâ€™s Pitchfork Selects Playlist"	"Our weekly playlist highlights songs that our writers, editors, and contributors are listening to on repeat"	2023-10-30T12:55:43Z
Taylor Swift Lands Biggest Sales Week of Her Career With 1989 (Taylorâ€™s Version)	The albumâ€™s No. 1 debut on the Billboard 200 is the best an album has done in sales subce Adeleâ€™s 25	2023-11-05T20:32:46Z
Taylor Swift Fan Dies at Rio de Janeiro Concert During Heat Wave	"The pop star stopped the show twice to ask the venue to hand out more water, at times taking it upon herself to throw bottles to fans"	2023-11-18T15:27:29Z
"Grammy Nominations 2024: Taylor Swift, SZA, Phoebe Bridgers, and Victoria MonÃ©t Lead Nominees"	"Billie Eilish, Olivia Rodrigo, and Miley Cyrus also netted multiple nominations this year"	2023-11-10T16:19:51Z
"Taylor Swift Earns 10th No. 1 Song With â€œCruel Summer,â€ Reaches Singles Chart Milestone"	Sheâ€™s tied with Stevie Wonder and Janet Jackson for ninth place for the most No. 1 songs on the Billboard Hot 100	2023-10-23T23:23:30Z
The Taylor Swift economy: Red hot	How musicâ€™s most iconic name became a GDP star	2023-11-01T19:45:00Z
"TMZ: Travis Kelce, Taylor Swift Dating 'Overwhelming' for Jason, Mom Donna and Family"	"Kansas City Chiefs tight end Travis Kelce's relationship with Taylor Swift has been an adjustment for the entire Kelce family, according to TMZ Sports.â€¦"	2023-10-31T14:35:29Z
"Taylor Swift Money Jar Goes Viral, Husband Makes Wife Pay For Taylor Talk"	"A husband's going viral for putting a Taylor Swift tip jar in his house, and making his wife pay up for every mention of the pop star OR her boyfriend, Travis Kelce! Maryland resident Dana Rice shared the clip of her hubby's new ""invention,""â€¦"	2023-11-09T15:10:58Z
Taylor Swift Seemingly Struggles to Breathe During Brazil Concert	"Taylor Swift was seemingly gasping for air during her sweltering hot concert in Brazil, freaking out some of her fans. The pop superstar performed for hours in nearly 100-degree heat Friday night at Estadio Nilton Santos stadium in Rio de Janeiroâ€¦"	2023-11-19T14:02:09Z
Taylor Swift Debuts On Brittany Mahomes' Instagram W/ Boozy Photo	Taylor Swift and Brittany Mahomes' friendship is Instagram official ... 'cause the wife of the Chiefs superstar QB finally shared a personal pic from their weekend in NYC where the singer spent some quality time with a few fellow K.C. WAGS! Ofâ€¦	2023-11-07T22:17:26Z
Taylor Swift 'Eras' Film Review Goes Viral for Ridiculous Criticism	"Taylor Swift's 'Eras' film got torched by a critic who likened her movie to the downfall of society as we know it -- and all we can say about this over-the-top piece is ... holy crap. This critique -- which is now going viral, for all the wrongâ€¦"	2023-10-21T21:02:27Z
Taylor Swift Mourns Fan Who Died Before Rio Concert	"Taylor Swift has been on the international leg of The Eras Tour. On Friday night, she performed in Rio de Janeiro, Brazil at the Nilton Santos stadium. Many fans fell ill due to the heatwave, with a heat index of 140Â° Fahrenheit, and one concertgoer died of câ€¦"	2023-11-18T15:10:47Z
Taylor Swiftâ€™s â€œCruel Summerâ€ Hits #1 Four Years After Release	"When Taylor Swift released Lover in the summer of 2019, Swifties quickly identified the surging synth-pop track â€œCruel Summerâ€ as the albumâ€™s most obvious hit. But the song was never released as a single, and then COVID struck, and then suddenly Swift had sevâ€¦"	2023-10-23T18:05:47Z
Taylor Swift Seemingly Teases Coffee-Themed â€˜From the Vaultâ€™ Lyrics Ahead of â€˜1989 TVâ€™ Release	"On Tuesday, Taylor Swift shared handwritten lyrics that fans think are from a 'From the Vault' track on '1989 (Taylor's Version).'"	2023-10-24T23:25:36Z
Why Are People So Obsessed With Taylor Swift and Travis Kelce? Rolling Stone Staff Has Theories	Rolling Stone staffers offer their own theories as to why everyone is so obsessed with Taylor Swift and Travis Kelce's relationship.	2023-11-16T19:33:48Z
Taylor Swift Fonts Identified + Free Alternatives	"Explore the captivating world of Taylor Swift fonts, enhancing the visual impact of her music. Discover how typography elevates her musical artistry."	2023-10-30T03:25:04Z
NFL Fans Think Josh Allen Used 'Taylor Swift' Audible During 'TNF' Game	Some NFL fans think Taylor Swift-mania made it all the way to Buffalo on Thursday night ... convinced quarterback Josh Allen used an audible featuring the pop star's name during the Bills vs. Bucs game. The moment happened just minutes into theâ€¦	2023-10-27T13:18:25Z
"See Taylor Swift Debut â€˜Suburban Legends,â€™ Unearth â€˜Stay Beautifulâ€™ at Rio Show"	"Taylor Swift dug out another pair of deep cuts in Rio De Janeiro Friday as the singer performed ""Suburban Legends"" and ""Stay Beautiful."""	2023-11-18T14:04:32Z
"The Strikes Are Over, but the Damage to Theaters Has Just Begun"	"Taylor Swift, ""Barbie,"" ""Oppenheimer,"" and ""Sound of Freedom"" saved 2023. Next year will need more surprise blockbusters to paper over the gaps."	2023-11-13T13:30:00Z
"Well, Travis Kelce might as well have a #1 song now too"	"Much like the sun, the incredible power of Taylor Swiftâ€™s light tends to reflect on those closest to her, and like the moon, her boyfriend Travis Kelce is glowing all the brighter because of it. Kelce is probably the most famous (American) football player in â€¦"	2023-11-16T21:05:49Z
5 contenidos musicales para ver en Disney+ si te gustÃ³ â€˜Taylor Swift: The ErasÂ Tourâ€™	"La pelÃ­cula Taylor Swift: The Eras Tour se ha convertido en uno de los grandes Ã©xitos del aÃ±o 2023. Para sorpresa de la industria cinematogrÃ¡fica, la grabaciÃ³n de uno de los conciertos de la gira de la artista, cautivÃ³ incluso a los que no son sus seguidores.â€¦"	2023-10-20T14:24:40Z
El fenÃ³meno Taylor Swift es tan grande que un paÃ­s quiere aprovecharse disimuladamente de Ã©l: Israel	"Todo lo que rodea a Taylor Swift se ha convertido en un negocio redondo. La artista, Â que empezÃ³ su carrera en la mÃºsica country en 2006 es ahora la cantante mÃ¡s aclamada de Estados Unidos en la actualidad, con 12 premios Grammy, 40 American Music Awards y doâ€¦"	2023-10-20T16:30:37Z
Hereâ€™s A Breakdown Of All Of The Taylor Swift Lyrics That Seemingly â€œManifestedâ€ Her Relationship With Travis Kelce	"Isnâ€™t it just so pretty to think, all along there was some invisible string tying him to her?View Entire Post â€º"	2023-10-20T12:14:29Z
"Taylor Swift, SZA, and Lana Del Rey Nominated for Album of the Year at the 2024 Grammys"	"Also in the running are Olivia Rodrigo, Boygenius, Janelle MonaÌe, Miley Cyrus, and Jon Batiste"	2023-11-10T16:16:29Z
Christopher Nolan tried to warn us about oncoming Taylor Swift	"Her impact in Hollywood has been Swift and merciless. Within weeks of announcing her concert documentary, Taylor Swift: The Eras Tour, would be getting an exclusive run in AMC Theatres, chaos reigned. Exorcists scuttled from release dates, friendship braceletâ€¦"	2023-10-19T22:44:00Z
"Biden turns 81, pardons turkeys, confuses Taylor Swift with Britney Spears"	"""That's a big bird, man. I'm impressed"" Biden said during the ceremony where he confused Britney Spears and Taylor Swift."	2023-11-20T19:15:27Z
Promi-Paar : Travis Kelce schwÃ¤rmt von Taylor Swift	Hier finden Sie Informationen zu dem Thema â€žPromi-Paar â€œ. Lesen Sie jetzt â€žTravis Kelce schwÃ¤rmt von Taylor Swiftâ€œ.	2023-11-21T17:01:18Z
The Taylor Swift Info War	"Over the weekend, Taylor Swift played a long-awaited string of concerts in Brazil. And it was, by all accounts, a disaster."	2023-11-20T19:20:13Z
A Brazilian Swiftie Went Home With the Heel From Taylor Swiftâ€™s Bejeweled Louboutin Boots	"Taylor Swift broke her heel during the 'Lover' segment of her Eras tour show in Rio De Janeiro, Brazil."	2023-11-21T14:01:26Z
Watch Taylor Swift Debut â€˜Bigger Than the Whole Skyâ€™ in Rio	Taylor Swift live debuted â€˜Bigger Than the Whole Skyâ€™ at her Eras Tour concert in Rio de Janeiro on Sunday night.	2023-11-20T11:19:29Z
		
Guardian		
Title	Standfirst	Publication Date
Taylor Swift postpones Rio concert after fan dies amid heatwave	"Singer says safety comes first after death of Ana Clara Benevides Machado, 23, in sweltering stadium"	2023-11-18T22:00:02Z
UC Berkeleyâ€™s Taylor Swift class will examine her â€˜enduring valueâ€™	"Business school will offer a course studying the pop icon, following the success of her Eras tour and Taylorâ€™s Version project"	2023-10-31T14:21:21Z
"Taylor Swift now estimated to be a billionaire, report says"	"Revenue from the 33-year-old pop starâ€™s Eras tour has pushed her net worth to $1.1bn, according to Bloomberg News"	2023-10-27T15:50:48Z
â€˜Swiftposiumâ€™: Australia to host academic conference on Taylor Swift	"Event at University of Melbourne in February will explore singerâ€™s influence on gender, mental health and urban landscapesGet our weekend culture and lifestyle email"	2023-09-22T03:17:38Z
Taylor Swift becomes a 400lb pumpkin â€“ and the star of Halloween	"Installations across US include friendship bracelets and a â€˜boyfriend graveyardâ€™ , with fans spending hundreds on their masterpieces"	2023-10-30T18:46:21Z
Travis Kelce says NFL is â€˜overdoingâ€™ his connection with Taylor Swift	Pop star has watched Kansas City playerâ€™s last two gamesNFL has featured Swift heavily during its broadcasts	2023-10-05T02:08:27Z
Share your thoughts on the Taylor Swift: the Eras Tour concert film	What did you think of the Taylor Swift: the Eras Tour concert film?	2023-10-17T10:24:26Z
Taylor Swift: The Eras Tour film review â€“ a cacophonous testament to megastardom	The concert film captures 2023â€™s biggest pop culture event with breathless fervour and crystal clarity â€“ honing in on the details easily missed in the live show	2023-10-13T06:34:27Z
"Gaza diary part 10: surviving, making plans and drawing strength from Taylor Swift"	"Ziad, a 35-year-old Palestinian, recounts another day in Gaza: struggling to help others when in such need; a childrenâ€™s make-believe birthday party; making lunch dates for when itâ€™s all over; and singing Shake it Off to get through"	2023-10-26T11:55:46Z
We should celebrate Taylor Swift. But her success shouldnâ€™t crowd out others | Martha Gill	The arts are the poorer for a system that hugely rewards the few while the less lucky canâ€™t even earn a living wage	2023-09-30T17:02:19Z
Taylor Swift is upgrading Travis Kelceâ€™s fame â€“ and the NFL loves it	Americaâ€™s latest power pairing benefits both stars and is helping usher in a new audience for football	2023-09-30T05:00:05Z
Taylor Swift: Eras tour concert film to get global release in October	"Film will play in more than 100 countries including the UK from 13 October, in line with its previously announced US, Canada and Mexico release"	2023-09-26T12:09:33Z
BTS and Taylor Swift fans give Javier Milei and his running mate an earful	Argentinian Swifties say â€˜Milei is Trumpâ€™ as devotees of BTS decry â€˜hatred and xenophobiaâ€™ of Victoria Villarruelâ€™s tweets about group	2023-10-26T20:35:39Z
Taylor Swift fans have reportedly lined up for five months ahead of Argentina shows	Pitchfork reports that hundreds of fans are sharing tents on a meticulously planned schedule to ensure they get the best spot when doors open next week	2023-11-03T02:25:40Z
â€˜Like a Taylor Swift concertâ€™: Simone Biles enthralls fans on comeback trail	"The seven-time Olympic medalist hailed as the greatest gymnast ever inspires a popstar-like devotion from her fans, who packed a hockey arena over the weekend for US nationals"	2023-08-28T06:30:29Z
Haters gonna hate â€¦ but stars like Taylor Swift can help to make literature pop | Elly McCausland	I teach the megastarâ€™s lyrics. Adding contemporary material to school curriculums wonâ€™t dumb down â€“ it will inspire	2023-10-17T08:00:02Z
Taylor Swift: 1989 (Taylorâ€™s Version) review â€“ subtle bonus tracks add new depths to a classic	(Republic)Swiftâ€™s revamp of her 2014 smash is her most faithful re-recording yet: a time capsule enhanced by pertinent cutting room floor tracks that show she never goes out of style	2023-10-27T12:50:51Z
 Must the show go on? Taylor Swift fan death highlights danger of live shows as Earth cooks	"Temperatures reached 102F in Rio last Friday as 60,000 people packed into the EstÃ¡dio OlÃ­mpico Nilton Santos for Swiftâ€™s concert"	2023-11-23T14:44:23Z
â€˜Iâ€™d watch it every nightâ€™: Taylor Swift fans turn out for record-breaking concert movie	"The premiere of the Eras tour concert film, one day earlier than planned, got devoted fans singing along and dancing in the aisles"	2023-10-13T15:34:35Z
Billy Bragg looks back: â€˜I canâ€™t compete with Taylor Swift. But I can talk to an audienceâ€™	"The musician on East End violence, taking on Margaret Thatcher, and why heâ€™ll always be ready with a protest song"	2023-11-18T13:07:21Z
Taylor Swift: warning over fake tickets as NAB urges punters to be wary of social media scams	"Concern around fake Taylor Swift ticket scams comes as bank reveals $220,000 worth of transactions abandoned dailyFollow our Australia news live blog for latest updatesGet ourmorning and afternoon news emails,free appordaily news podcast"	2023-11-03T04:48:30Z
"Baby, one more time: why Madonna, Britney Spears and Taylor Swift are all on a nostalgia trip"	"With retrospective tours, memoirs and rerecordings, three definitive US pop superstars are reclaiming their legacies. Why now â€“ and is the past a trap?"	2023-10-30T14:06:42Z
Taylor Swift ticket release: more tickets for Sydney and Melbourne shows to go on sale today for 2024 Australia Eras tour	"Frontier Touring announces new tickets to Swiftâ€™s five Australian shows will be released at 10am on Friday, with a ticket resale market launching in two weeks"	2023-11-09T22:34:14Z
MTV VMAs 2023: Taylor Swift wins big in a ceremony celebrating hip-hop and Shakira	"Swift claims video of the year for Anti-Hero, Shakira wins the video vanguard award and a whoâ€™s who of hip-hop legends take the stage at the 40th Video Music Awards"	2023-09-13T05:24:08Z
"No need to calm down: movie theaters let Taylor Swift fans dance, sing and scream through Eras tour film"	Swifties ditch moviegoing etiquette as cinema owners welcome a lifeline for struggling industry	2023-10-19T14:00:12Z
Taylor Swiftâ€™s concert film breaks US presale records	"Two-hour, 45-minute concert film shatters cinema chain AMC record and figure only represents part of presale haul"	2023-09-01T14:23:01Z
"â€˜She is a snake â€“ in the most positive way!â€™ How Taylor Swift became the worldâ€™s biggest pop star, again"	"In 2015, the singerâ€™s career looked shaky as the media and public turned on her. But after the battle for her masters, her intimate lockdown records and the all-conquering Eras tour, sheâ€™s reclaimed her crown â€“ and is now immune to hate"	2023-09-08T04:00:45Z
"Like Taylor Swift, millions of us dream of packing in the day job. But where do we find our Plan B?"	Everyone wants to turn their passion into their profession â€“ or at least a profitable side-hustle. I certainly did. But what if AI can do it better or more cheaply?	2023-10-11T10:00:36Z
â€˜People were crying singing alongâ€™: readers on Taylor Swiftâ€™s Eras concert film	"Guardian readers share their experience of the box-office topping three-hour extravaganza, from screaming along to All Too Well to having a brief nap"	2023-10-25T09:27:12Z
Swifties flock to Leicester Square as Taylor Swiftâ€™s box office smash lands in UK	"The Eras Tour, filmed over three nights in California stadium, likely to become biggest grossing concert movie in history"	2023-10-13T18:03:40Z
â€˜Almost like election nightâ€™: behind the scenes of Spotify Wrapped	"The internet is abuzz with the results of this yearâ€™s rundown, with Taylor Swift coming out on top as 2023â€™s most streamed artist"	2023-11-29T20:50:44Z
â€˜Criticism doesnâ€™t keep me up at nightâ€™: superproducer Jack Antonoff on his haters â€“ and Taylor Swiftâ€™s greatness	"From Lana Del Rey to the 1975, he has defined todayâ€™s pop â€“ and some say homogenised it. As his band Bleachers return, he discusses grief, graft and why sincerity matters more than ever"	2023-11-24T05:00:11Z
Jimmy Kimmel on Marjorie Taylor Greeneâ€™s new book: â€˜First book sheâ€™s ever written or readâ€™	"Late-night hosts discuss Greeneâ€™s new book, Bidenâ€™s mix-up of Taylor Swift and Britney Spears, and more GOP conspiracies about January 6."	2023-11-22T15:34:21Z
"Alice Birch: â€˜When Iâ€™m writing, the banalities of motherhood such as head lice disappearâ€™"	"The Normal People screenwriter talks about growing up in a commune, heartbreaking plays, and â€‹the râ€‹umours that sheâ€™s collaborating with Taylor Swift"	2023-10-22T08:30:10Z
Semisonicâ€™s Dan Wilson on Closing Time and a new album: â€˜Iâ€™m just a really earnest personâ€™	"After writing for the likes of Taylor Swift and Adele, Wilson is back with the US rock band for their first album in 22 years"	2023-11-02T10:06:36Z
Donâ€™t play the hits! Rarities are one of the great joys of live music	"From the National to U2 and Taylor Swift, artists are digging beyond their best-known songs to affirm the connection they share with their loyal fans"	2023-10-03T09:23:41Z
"â€˜Joni Mitchell watched me sing one of her songs. I was horrifiedâ€™: Rick Beato, the worldâ€™s best-loved music nerd"	"As energised by Taylor Swift as Schoenberg, Beato has earned millions of fans with his YouTube videos and become the man musicians seek out to discuss their craft"	2023-09-19T15:00:30Z
"Meet drag star Taylor Sheesh, the Philippinesâ€™ answer to Swiftie mania"	"Taylor Swiftâ€™s Eras tour will skip the Philippines, but her Filipino fanbase has embraced the call centre worker turned drag act"	2023-11-01T15:37:51Z
Hannah Diviney: the 10 funniest things I have ever seen (on the internet)	"The actor and author has great taste in viral vids, including Taylor Swift high on pain meds, Billy Connolly on maths and Kevin Hart slapping the Rock with a tortillaGet our weekend culture and lifestyle email"	2023-09-13T14:01:01Z
Seth Meyers on Trumpâ€™s campaign rallies: â€˜Openly fascist rhetoricâ€™	"Late-night hosts discuss Trumpâ€™s â€˜verminâ€™ comments, his plans for a second term in office and Travis Kelce and Taylor Swiftâ€™s reunion in Argentina"	2023-11-14T16:46:10Z
Seth Meyers on Republicans: â€˜Iâ€™ve seen more organized groups of seagulls fighting over a potato chipâ€™	"Late-night hosts discuss GOP dysfunction in a speaker-less House, Trumpâ€™s new gag order, and Taylor Swiftâ€™s relationship with NFL star Travis Kelce"	2023-10-17T14:52:27Z
Stephen Colbert on Jim Jordanâ€™s failed speaker bid: â€˜An historic humiliationâ€™	"Late-night hosts discuss Jim Jordanâ€™s failed bid for speaker of the House, Trumpâ€™s lawyers turning on him and Taylor Swiftâ€™s romance with Travis Kelce"	2023-10-24T15:17:25Z
The 20 greatest concert films â€“Â ranked!	"As Taylor Swiftâ€™s Eras tour reaches cinemas, with BeyoncÃ©â€™s Renaissance following soon, we pick the films that best converted the live experience to the screen"	2023-10-12T14:00:12Z
		
Gnews		
Title	Description	Published At
Fans troll Taylor Swift as Simone Biles braves freezing Lambeau Field to watch partners in Packers vs Chiefs game	Simone Biles had a front row seat for the Green Bay Packers upset win over the Kansas City Chiefs.The legendary gymnast was in attendance at a snowy L	2023-12-04T11:10:18Z
Apple's Taylor Swift 2023 Artist of the Year celebration could be coming to Apple TV	"Taylor Swift is Apple Music's 2023 Artist of the Year, and the celebration event in NYC could be filmed for a special on Apple's streaming service."	2023-12-04T10:49:47Z
Ryan Reynolds trolls Taylor Swift and wife Blake Lively with hilarious picture of him and Travis Kelce	Ryan Reynolds was the big winner on a night when Taylor Swift watched Travis Kelce and the Kansas City Chiefs lose.The Deadpool star and Wrexham co-ow	2023-12-04T10:36:18Z
Taylor Swift Cheers On Travis Kelce at Green Bayâ€™s Chiefs-Packers Game	Welcome to Green Bay. Taylor Swift went to Wisconsin to support Travis Kelce as the Kansas City Chiefs took on the Green Bay Packers at Lambeau Field.	2023-12-04T02:29:55Z
Taylor Swift attends Travis Kelce's Chiefs vs. Packers game in Green Bay	Taylor Swift supported boyfriend Travis Kelce at the Kansas City Chiefs game against the Green Bay Packers Sunday night following the South American leg of her Eras Tour.	2023-12-04T00:14:30Z
Ryan Reynolds superimposes Travis Kelce and himself on Blake Lively and Taylor Swift photo	Ryan Reynolds shared a hilarious edit of himself and NFL star Travis Kelce on a photo of wife Blake Lively alongside singer Taylor Swift taken at Beyonce's UK premiere	2023-12-03T23:59:43Z
Taylor Swift and Travis Kelce Spotted at Kansas City Christmas Bar	"Taylor Swift was spotted back in Kansas City with Travis Kelce , this time at a Christmas pop-up bar, where they and his Kansas City Chiefs teammates enjoyed a holiday party."	2023-12-03T22:54:41Z
NBA star shares true feelings on Taylor Swift who also sent LA Clippers player message	Russell Westbrook is in his first full season with the LA Clippers in the NBA and has expressed his admiration for pop star and 12-time Grammy Award winner Taylor Swift	2023-12-03T22:43:22Z
Taylor Swiftâ€™s â€˜1989 (Taylorâ€™s Version)â€™ Back Atop Billboard 200	Taylor Swift's '1989 (Taylor's Version)' returns to No.	2023-12-03T21:20:22Z
Taylor Swift fans spot clue she will release another new album in February after celebrating 1989 re-release success	"2023 has been quite the year for Taylor Swift.Not only is she trekking the globe with her sell out Eras Stadium Tour, but sheâ€™s also found time to r"	2023-12-03T20:00:00Z
