Title	Description	Published At
Fans troll Taylor Swift as Simone Biles braves freezing Lambeau Field to watch partners in Packers vs Chiefs game	Simone Biles had a front row seat for the Green Bay Packers upset win over the Kansas City Chiefs.The legendary gymnast was in attendance at a snowy L	2023-12-04T11:10:18Z
Apple's Taylor Swift 2023 Artist of the Year celebration could be coming to Apple TV	Taylor Swift is Apple Music's 2023 Artist of the Year, and the celebration event in NYC could be filmed for a special on Apple's streaming service.	2023-12-04T10:49:47Z
Ryan Reynolds trolls Taylor Swift and wife Blake Lively with hilarious picture of him and Travis Kelce	Ryan Reynolds was the big winner on a night when Taylor Swift watched Travis Kelce and the Kansas City Chiefs lose.The Deadpool star and Wrexham co-ow	2023-12-04T10:36:18Z
Taylor Swift Cheers On Travis Kelce at Green Bay’s Chiefs-Packers Game	Welcome to Green Bay. Taylor Swift went to Wisconsin to support Travis Kelce as the Kansas City Chiefs took on the Green Bay Packers at Lambeau Field.	2023-12-04T02:29:55Z
Taylor Swift attends Travis Kelce's Chiefs vs. Packers game in Green Bay	Taylor Swift supported boyfriend Travis Kelce at the Kansas City Chiefs game against the Green Bay Packers Sunday night following the South American leg of her Eras Tour.	2023-12-04T00:14:30Z
Ryan Reynolds superimposes Travis Kelce and himself on Blake Lively and Taylor Swift photo	Ryan Reynolds shared a hilarious edit of himself and NFL star Travis Kelce on a photo of wife Blake Lively alongside singer Taylor Swift taken at Beyonce's UK premiere	2023-12-03T23:59:43Z
Taylor Swift and Travis Kelce Spotted at Kansas City Christmas Bar	Taylor Swift was spotted back in Kansas City with Travis Kelce , this time at a Christmas pop-up bar, where they and his Kansas City Chiefs teammates enjoyed a holiday party.	2023-12-03T22:54:41Z
NBA star shares true feelings on Taylor Swift who also sent LA Clippers player message	Russell Westbrook is in his first full season with the LA Clippers in the NBA and has expressed his admiration for pop star and 12-time Grammy Award winner Taylor Swift	2023-12-03T22:43:22Z
Taylor Swift’s ‘1989 (Taylor’s Version)’ Back Atop Billboard 200	Taylor Swift's '1989 (Taylor's Version)' returns to No.	2023-12-03T21:20:22Z
Taylor Swift fans spot clue she will release another new album in February after celebrating 1989 re-release success	2023 has been quite the year for Taylor Swift.Not only is she trekking the globe with her sell out Eras Stadium Tour, but she’s also found time to r	2023-12-03T20:00:00Z
